Name,Handedness,Height,Average_Height,Weight,Average_Weight,Batting_Average,Home_Runs,BMI,Health_Condition
Gates Brown,Left,71,Below,220,Above,0.257,84,30.68042055,Obese
Joe Foy,Right,72,Below,215,Above,0.248,58,29.1560571,Obese
Willie Horton,Right,71,Below,209,Above,0.273,325,29.14639952,Obese
Greg Luzinski,Right,73,Below,220,Above,0.276,307,29.02233064,Obese
Darryl Motley,Right,69,Below,196,Above,0.243,44,28.94097879,Obese
John Ellis,Right,74,Above,225,Above,0.262,69,28.88513514,Obese
Mike Epstein,Left,75,Above,230,Above,0.244,130,28.74488889,Obese
Dave Lemanczyk,Right,76,Above,235,Above,0,0,28.60197368,Obese
Tony Solaita,Left,72,Below,210,Above,0.255,50,28.47800926,Obese
Tony Cloninger,Right,72,Below,210,Above,0.192,11,28.47800926,Obese
Gail Hopkins,Left,70,Below,198,Above,0.266,25,28.40693878,Obese
Don Leppert,Right,74,Above,220,Above,0.229,15,28.24324324,Obese
Boog Powell,Left,76,Above,230,Above,0.266,339,27.99342105,Obese
Mike Brumley,Left,70,Below,195,Above,0.229,5,27.97653061,Obese
Carlos May,Left,71,Below,200,Above,0.274,90,27.89129141,Obese
Jack Lazorko,Right,71,Below,200,Above,0,0,27.89129141,Obese
Alex Johnson,Right,72,Below,205,Above,0.288,78,27.79996142,Obese
Pat Putnam,Left,72,Below,205,Above,0.255,63,27.79996142,Obese
Mark Brouhard,Right,73,Below,210,Above,0.259,25,27.7031338,Obese
Burt Hooton,Right,73,Below,210,Above,0.123,4,27.7031338,Obese
Lamar Johnson,Right,74,Above,215,Above,0.287,64,27.60135135,Obese
Jeff Newman,Right,74,Above,215,Above,0.224,63,27.60135135,Obese
Ray Fosse,Right,74,Above,215,Above,0.256,61,27.60135135,Obese
Dave Nicholson,Right,74,Above,215,Above,0.212,61,27.60135135,Obese
Doc Edwards,Right,74,Above,215,Above,0.238,15,27.60135135,Obese
Mark Smith,Right,74,Above,215,Above,0,0,27.60135135,Obese
Ken Phelps,Left,73,Below,209,Above,0.239,123,27.57121411,Obese
Steve Garvey,Right,70,Below,192,Above,0.294,272,27.54612245,Obese
Willie Aikens,Left,75,Above,220,Above,0.271,110,27.49511111,Obese
Bruce Tanner,Left,75,Above,220,Above,0,0,27.49511111,Obese
Jim French,Left,68,Below,180,Below,0.196,5,27.36591696,Obese
Steve Renko,Right,77,Above,230,Above,0.215,6,27.27104065,Obese
Merv Rettenmund,Right,70,Below,190,Below,0.271,66,27.25918367,Obese
Buck Martinez,Right,70,Below,190,Below,0.225,58,27.25918367,Obese
Floyd Rayford,Right,70,Below,190,Below,0.244,38,27.25918367,Obese
Ed Ott,Left,70,Below,190,Below,0.259,33,27.25918367,Obese
Jim Fairey,Left,70,Below,190,Below,0.235,7,27.25918367,Obese
Bob Watson,Right,72,Below,201,Above,0.295,184,27.25752315,Obese
Joe Torre,Right,74,Above,212,Above,0.297,252,27.21621622,Obese
Tommie Agee,Right,71,Below,195,Above,0.255,130,27.19400913,Obese
Ed Kirkpatrick,Left,71,Below,195,Above,0.238,85,27.19400913,Obese
Doug Camilli,Right,71,Below,195,Above,0.199,18,27.19400913,Obese
Dave Frost,Right,78,Above,235,Above,0,0,27.15401052,Obese
Bryan Clutterbuck,Right,76,Above,223,Above,0,0,27.14144737,Obese
Ron LeFlore,Right,72,Below,200,Above,0.288,59,27.12191358,Obese
Ron Jackson,Right,72,Below,200,Above,0.259,56,27.12191358,Obese
Carmen Fanzone,Right,72,Below,200,Above,0.224,20,27.12191358,Obese
Dick Bertell,Right,72,Below,200,Above,0.25,10,27.12191358,Obese
Bill Fahey,Left,72,Below,200,Above,0.241,7,27.12191358,Obese
Carl Morton,Right,72,Below,200,Above,0.156,7,27.12191358,Obese
Ray Culp,Right,72,Below,200,Above,0.123,1,27.12191358,Obese
Bobby Valentine,Right,70,Below,189,Below,0.26,12,27.11571429,Obese
Bob Galasso,Left,73,Below,205,Above,0,0,27.04353537,Obese
Steve Hovley,Left,70,Below,188,Below,0.258,8,26.9722449,Overweight
Gorman Thomas,Right,74,Above,210,Above,0.225,268,26.95945946,Overweight
Wayne Gross,Left,74,Above,210,Above,0.233,121,26.95945946,Overweight
Bob Brenly,Right,74,Above,210,Above,0.247,91,26.95945946,Overweight
Rick Anderson,Right,74,Above,210,Above,0,0,26.95945946,Overweight
Terry Wilshusen,Right,74,Above,210,Above,0,0,26.95945946,Overweight
Ted Simmons,Both,71,Below,193,Above,0.285,248,26.91509621,Overweight
Stefan Wever,Right,80,Above,245,Above,0,0,26.91171875,Overweight
Steve Huntz,Both,73,Below,204,Above,0.206,16,26.91161569,Overweight
John Mayberry,Left,75,Above,215,Above,0.253,255,26.87022222,Overweight
Earl Williams,Right,75,Above,215,Above,0.247,138,26.87022222,Overweight
Charlie Spikes,Right,75,Above,215,Above,0.246,65,26.87022222,Overweight
Dave Roberts,Right,75,Above,215,Above,0.239,49,26.87022222,Overweight
John Orsino,Right,75,Above,215,Above,0.249,40,26.87022222,Overweight
Brant Alyea,Right,75,Above,215,Above,0.247,38,26.87022222,Overweight
George Vukovich,Left,72,Below,198,Above,0.268,27,26.85069444,Overweight
Bombo Rivera,Right,70,Below,187,Below,0.265,10,26.82877551,Overweight
Johnny Edwards,Left,76,Above,220,Above,0.242,81,26.77631579,Overweight
Willie Mueller,Right,76,Above,220,Above,0,0,26.77631579,Overweight
Pete Rose,Both,71,Below,192,Above,0.303,160,26.77563975,Overweight
Doug Rader,Right,74,Above,208,Above,0.251,155,26.7027027,Overweight
Dave May,Left,70,Below,186,Below,0.251,96,26.68530612,Overweight
Dave Hilton,Right,71,Below,191,Above,0.213,6,26.6361833,Overweight
Walt Williams,Right,66,Below,165,Below,0.27,33,26.62878788,Overweight
Leron Lee,Left,72,Below,196,Above,0.25,31,26.57947531,Overweight
Jerry Turner,Left,69,Below,180,Below,0.257,45,26.57844991,Overweight
Ron Cey,Right,70,Below,185,Below,0.261,316,26.54183673,Overweight
Rich Rollins,Right,70,Below,185,Below,0.269,77,26.54183673,Overweight
Jerry Grote,Right,70,Below,185,Below,0.252,39,26.54183673,Overweight
Vic Correll,Right,70,Below,185,Below,0.229,29,26.54183673,Overweight
Norm Miller,Left,70,Below,185,Below,0.238,24,26.54183673,Overweight
Chuck Harrison,Right,70,Below,185,Below,0.238,17,26.54183673,Overweight
Steve Nicosia,Right,70,Below,185,Below,0.248,11,26.54183673,Overweight
Tom Egan,Right,76,Above,218,Above,0.2,22,26.53289474,Overweight
Thurman Munson,Right,71,Below,190,Below,0.292,113,26.49672684,Overweight
Skip Jutze,Right,71,Below,190,Below,0.215,3,26.49672684,Overweight
Mike Paxton,Right,71,Below,190,Below,0,0,26.49672684,Overweight
Tim Laudner,Right,75,Above,212,Above,0.225,77,26.49528889,Overweight
Reggie Jackson,Left,72,Below,195,Above,0.262,563,26.44386574,Overweight
Sal Bando,Right,72,Below,195,Above,0.254,242,26.44386574,Overweight
Al Oliver,Left,72,Below,195,Above,0.303,219,26.44386574,Overweight
Steve Kemp,Left,72,Below,195,Above,0.278,130,26.44386574,Overweight
Mike Jorgensen,Left,72,Below,195,Above,0.243,95,26.44386574,Overweight
Mike Hargrove,Left,72,Below,195,Above,0.29,80,26.44386574,Overweight
Joe Hague,Left,72,Below,195,Above,0.239,40,26.44386574,Overweight
Danny Walton,Right,72,Below,195,Above,0.223,28,26.44386574,Overweight
Chris Bando,Both,72,Below,195,Above,0.227,27,26.44386574,Overweight
Kevin Bell,Right,72,Below,195,Above,0.222,13,26.44386574,Overweight
Jeff Torborg,Right,72,Below,195,Above,0.214,8,26.44386574,Overweight
Jim Rooker,Right,72,Below,195,Above,0.201,7,26.44386574,Overweight
Steve Barber,Left,72,Below,195,Above,0.115,5,26.44386574,Overweight
Glenn Burke,Right,72,Below,195,Above,0.237,2,26.44386574,Overweight
Ralph Botting,Left,72,Below,195,Above,0,0,26.44386574,Overweight
Howard Bailey,Right,72,Below,195,Above,0,0,26.44386574,Overweight
Jeff Burroughs,Right,73,Below,200,Above,0.261,240,26.38393695,Overweight
Richie Zisk,Right,73,Below,200,Above,0.287,207,26.38393695,Overweight
Al Ferrara,Right,73,Below,200,Above,0.259,51,26.38393695,Overweight
Hal King,Left,73,Below,200,Above,0.214,24,26.38393695,Overweight
Rick Sweet,Both,73,Below,200,Above,0.234,6,26.38393695,Overweight
Andy Messersmith,Right,73,Below,200,Above,0.17,5,26.38393695,Overweight
Matt Williams,Right,73,Below,200,Above,0,0,26.38393695,Overweight
Dan Morogiello,Left,73,Below,200,Above,0,0,26.38393695,Overweight
Mitchell Page,Left,74,Above,205,Above,0.266,72,26.31756757,Overweight
Champ Summers,Left,74,Above,205,Above,0.255,54,26.31756757,Overweight
Wayne Nordhagen,Right,74,Above,205,Above,0.282,39,26.31756757,Overweight
Larry Biittner,Left,74,Above,205,Above,0.273,29,26.31756757,Overweight
Joe Charboneau,Right,74,Above,205,Above,0.266,29,26.31756757,Overweight
Mike Ryan,Right,74,Above,205,Above,0.193,28,26.31756757,Overweight
John Wathan,Right,74,Above,205,Above,0.262,21,26.31756757,Overweight
Steve Swisher,Right,74,Above,205,Above,0.216,20,26.31756757,Overweight
Jerry Koosman,Right,74,Above,205,Above,0.119,2,26.31756757,Overweight
Steve Senteney,Right,74,Above,205,Above,0,0,26.31756757,Overweight
Mike Willis,Left,74,Above,205,Above,0,0,26.31756757,Overweight
Jim Traber,Left,72,Below,194,Above,0.227,27,26.30825617,Overweight
Rick Reichardt,Right,75,Above,210,Above,0.261,116,26.24533333,Overweight
John Bateman,Right,75,Above,210,Above,0.23,81,26.24533333,Overweight
Tony Horton,Right,75,Above,210,Above,0.268,76,26.24533333,Overweight
Craig Kusick,Right,75,Above,210,Above,0.235,46,26.24533333,Overweight
Dave Engle,Right,75,Above,210,Above,0.262,31,26.24533333,Overweight
Jerry Moses,Right,75,Above,210,Above,0.251,25,26.24533333,Overweight
Bud Anderson,Right,75,Above,210,Above,0,0,26.24533333,Overweight
Jeff Jones,Right,75,Above,210,Above,0,0,26.24533333,Overweight
Johnny Oates,Left,71,Below,188,Below,0.25,14,26.21781393,Overweight
Bobby Cuellar,Right,71,Below,188,Below,0,0,26.21781393,Overweight
Darrell Porter,Left,72,Below,193,Above,0.247,188,26.1726466,Overweight
Manny Sanguillen,Right,72,Below,193,Above,0.296,65,26.1726466,Overweight
Cliff Johnson,Right,76,Above,215,Above,0.258,196,26.16776316,Overweight
Tom Paciorek,Right,76,Above,215,Above,0.282,86,26.16776316,Overweight
Dave Hostetler,Right,76,Above,215,Above,0.229,37,26.16776316,Overweight
Larry Dierker,Right,76,Above,215,Above,0.136,4,26.16776316,Overweight
Randy Nosek,Right,76,Above,215,Above,0,0,26.16776316,Overweight
Ron Brand,Right,67,Below,167,Below,0.239,3,26.15304077,Overweight
Joe Lahoud,Left,73,Below,198,Above,0.223,65,26.12009758,Overweight
Fran Healy,Right,77,Above,220,Above,0.25,20,26.08534323,Overweight
Kevin Mmahat,Left,77,Above,220,Above,0,0,26.08534323,Overweight
Curt Wardle,Left,77,Above,220,Above,0,0,26.08534323,Overweight
Mark Mercer,Left,77,Above,220,Above,0,0,26.08534323,Overweight
Dick Allen,Right,71,Below,187,Below,0.292,351,26.07835747,Overweight
Dan Driessen,Left,71,Below,187,Below,0.267,153,26.07835747,Overweight
Eric Soderholm,Right,71,Below,187,Below,0.264,102,26.07835747,Overweight
Jose Morales,Right,71,Below,187,Below,0.287,26,26.07835747,Overweight
Jim Price,Right,72,Below,192,Above,0.214,18,26.03703704,Overweight
Rick Henninger,Right,78,Above,225,Above,0,0,25.99852071,Overweight
Bob Ferris,Right,78,Above,225,Above,0,0,25.99852071,Overweight
Cardell Camper,Right,75,Above,208,Above,0,0,25.99537778,Overweight
Johnny Bench,Right,73,Below,197,Above,0.267,389,25.98817789,Overweight
Al Cowens,Right,73,Below,197,Above,0.27,108,25.98817789,Overweight
Willie Crawford,Left,73,Below,197,Above,0.268,86,25.98817789,Overweight
Terry Whitfield,Left,73,Below,197,Above,0.281,33,25.98817789,Overweight
Mick Kelleher,Right,69,Below,176,Below,0.213,0,25.98781769,Overweight
Ben Callahan,Right,79,Above,230,Above,0,0,25.9077071,Overweight
Al Bumbry,Left,68,Below,170,Below,0.281,54,25.84558824,Overweight
Roberto Pena,Right,68,Below,170,Below,0.245,13,25.84558824,Overweight
Rich Coggins,Left,68,Below,170,Below,0.265,12,25.84558824,Overweight
Sandy Valdespino,Left,68,Below,170,Below,0.23,7,25.84558824,Overweight
Floyd Robinson,Left,69,Below,175,Below,0.283,67,25.84015963,Overweight
Bill Sample,Right,69,Below,175,Below,0.272,46,25.84015963,Overweight
Denny Doyle,Left,69,Below,175,Below,0.25,16,25.84015963,Overweight
Lynn Jones,Right,69,Below,175,Below,0.252,7,25.84015963,Overweight
Ken Suarez,Right,69,Below,175,Below,0.227,5,25.84015963,Overweight
Aurelio Rodriguez,Right,70,Below,180,Below,0.237,124,25.8244898,Overweight
Dick Green,Right,70,Below,180,Below,0.24,80,25.8244898,Overweight
Steve Braun,Left,70,Below,180,Below,0.271,52,25.8244898,Overweight
Mickey Brantley,Right,70,Below,180,Below,0.259,32,25.8244898,Overweight
Jesse Gonder,Left,70,Below,180,Below,0.251,26,25.8244898,Overweight
Ted Ford,Right,70,Below,180,Below,0.219,17,25.8244898,Overweight
Broderick Perkins,Left,70,Below,180,Below,0.271,8,25.8244898,Overweight
Allan Ramirez,Right,70,Below,180,Below,0,0,25.8244898,Overweight
Onix Concepcion,Right,66,Below,160,Below,0.239,3,25.82185491,Overweight
Jim Ray Hart,Right,71,Below,185,Below,0.278,170,25.79944455,Overweight
Max Alvis,Right,71,Below,185,Below,0.247,111,25.79944455,Overweight
Bo Diaz,Right,71,Below,185,Below,0.255,87,25.79944455,Overweight
Ralph Garr,Left,71,Below,185,Below,0.306,75,25.79944455,Overweight
Jim Gosger,Left,71,Below,185,Below,0.226,30,25.79944455,Overweight
Jerry Buchek,Right,71,Below,185,Below,0.22,22,25.79944455,Overweight
Billy North,Both,71,Below,185,Below,0.261,20,25.79944455,Overweight
Rich McKinney,Right,71,Below,185,Below,0.225,20,25.79944455,Overweight
Gary Allenson,Right,71,Below,185,Below,0.221,19,25.79944455,Overweight
Rick Bosetti,Right,71,Below,185,Below,0.25,17,25.79944455,Overweight
Bob Brower,Right,71,Below,185,Below,0.242,17,25.79944455,Overweight
Ellie Rodriguez,Right,71,Below,185,Below,0.245,16,25.79944455,Overweight
Dave McNally,Right,71,Below,185,Below,0.133,9,25.79944455,Overweight
Junior Moore,Right,71,Below,185,Below,0.264,7,25.79944455,Overweight
Mike Squires,Left,71,Below,185,Below,0.26,6,25.79944455,Overweight
Frank Tepedino,Left,71,Below,185,Below,0.241,6,25.79944455,Overweight
Tom Makowski,Right,71,Below,185,Below,0,0,25.79944455,Overweight
Joe Pactwa,Left,71,Below,185,Below,0,0,25.79944455,Overweight
Gary Ignasiak,Right,71,Below,185,Below,0,0,25.79944455,Overweight
Chico Escarrega,Right,71,Below,185,Below,0,0,25.79944455,Overweight
Frank Eufemia,Right,71,Below,185,Below,0,0,25.79944455,Overweight
Ron Santo,Right,72,Below,190,Below,0.277,342,25.7658179,Overweight
Chet Lemon,Right,72,Below,190,Below,0.273,215,25.7658179,Overweight
Gene Tenace,Right,72,Below,190,Below,0.241,201,25.7658179,Overweight
Claudell Washington,Left,72,Below,190,Below,0.278,164,25.7658179,Overweight
Keith Moreland,Right,72,Below,190,Below,0.279,121,25.7658179,Overweight
Mike Easler,Left,72,Below,190,Below,0.293,118,25.7658179,Overweight
Steve Yeager,Right,72,Below,190,Below,0.228,102,25.7658179,Overweight
Jim Sundberg,Right,72,Below,190,Below,0.248,95,25.7658179,Overweight
John Wockenfuss,Right,72,Below,190,Below,0.262,86,25.7658179,Overweight
Milt May,Left,72,Below,190,Below,0.263,77,25.7658179,Overweight
Clay Dalrymple,Left,72,Below,190,Below,0.233,55,25.7658179,Overweight
Joe Azcue,Right,72,Below,190,Below,0.252,50,25.7658179,Overweight
R.J. Reynolds,Both,72,Below,190,Below,0.267,35,25.7658179,Overweight
Steve Brye,Right,72,Below,190,Below,0.258,30,25.7658179,Overweight
Bob Kearney,Right,72,Below,190,Below,0.233,27,25.7658179,Overweight
Ken Gerhart,Right,72,Below,190,Below,0.221,24,25.7658179,Overweight
Duane Josephson,Right,72,Below,190,Below,0.258,23,25.7658179,Overweight
Roger Freed,Right,72,Below,190,Below,0.245,22,25.7658179,Overweight
Ike Brown,Right,72,Below,190,Below,0.256,20,25.7658179,Overweight
Bobby Clark,Right,72,Below,190,Below,0.239,19,25.7658179,Overweight
Chris Cannizzaro,Right,72,Below,190,Below,0.235,18,25.7658179,Overweight
Bob Molinaro,Left,72,Below,190,Below,0.264,14,25.7658179,Overweight
Alan Knicely,Right,72,Below,190,Below,0.213,12,25.7658179,Overweight
Sal Butera,Right,72,Below,190,Below,0.227,8,25.7658179,Overweight
Hank Allen,Right,72,Below,190,Below,0.241,6,25.7658179,Overweight
Catfish Hunter,Right,72,Below,190,Below,0.226,6,25.7658179,Overweight
Bob Didier,Both,72,Below,190,Below,0.229,0,25.7658179,Overweight
Kevin Stanfield,Left,72,Below,190,Below,0,0,25.7658179,Overweight
Mel Stottlemyre,Right,72,Below,190,Below,0,0,25.7658179,Overweight
Bob Horner,Right,73,Below,195,Above,0.277,218,25.72433853,Overweight
Richie Hebner,Left,73,Below,195,Above,0.276,203,25.72433853,Overweight
Chris Chambliss,Left,73,Below,195,Above,0.279,185,25.72433853,Overweight
Bob Robertson,Right,73,Below,195,Above,0.242,115,25.72433853,Overweight
Jerry Martin,Right,73,Below,195,Above,0.251,85,25.72433853,Overweight
Ed Herrmann,Left,73,Below,195,Above,0.24,80,25.72433853,Overweight
Leroy Stanton,Right,73,Below,195,Above,0.244,77,25.72433853,Overweight
Dick Dietz,Right,73,Below,195,Above,0.261,66,25.72433853,Overweight
Ron Blomberg,Left,73,Below,195,Above,0.293,52,25.72433853,Overweight
Charlie James,Right,73,Below,195,Above,0.255,29,25.72433853,Overweight
John Boccabella,Right,73,Below,195,Above,0.219,26,25.72433853,Overweight
Bob Montgomery,Right,73,Below,195,Above,0.258,23,25.72433853,Overweight
Dave McKay,Both,73,Below,195,Above,0.229,21,25.72433853,Overweight
Dick Billings,Right,73,Below,195,Above,0.227,16,25.72433853,Overweight
Danny Goodwin,Left,73,Below,195,Above,0.236,13,25.72433853,Overweight
Tom Seaver,Right,73,Below,195,Above,0.154,12,25.72433853,Overweight
Rick Sofield,Left,73,Below,195,Above,0.243,9,25.72433853,Overweight
Russ Gibson,Right,73,Below,195,Above,0.228,8,25.72433853,Overweight
Tucker Ashford,Right,73,Below,195,Above,0.218,6,25.72433853,Overweight
Jerry Ujdur,Right,73,Below,195,Above,0,0,25.72433853,Overweight
Paul Mitchell,Right,73,Below,195,Above,0,0,25.72433853,Overweight
Chuck Hockenbery,Both,73,Below,195,Above,0,0,25.72433853,Overweight
Jim Farr,Right,73,Below,195,Above,0,0,25.72433853,Overweight
Steve Davis,Left,73,Below,195,Above,0,0,25.72433853,Overweight
Sandy Wihtol,Right,73,Below,195,Above,0,0,25.72433853,Overweight
Walt Bond,Left,79,Above,228,Above,0.256,41,25.68242269,Overweight
Darrell Evans,Left,74,Above,200,Above,0.248,414,25.67567568,Overweight
Jim Rice,Right,74,Above,200,Above,0.298,382,25.67567568,Overweight
George Scott,Right,74,Above,200,Above,0.268,271,25.67567568,Overweight
Deron Johnson,Right,74,Above,200,Above,0.244,245,25.67567568,Overweight
Joe Rudi,Right,74,Above,200,Above,0.264,179,25.67567568,Overweight
Bill Melton,Right,74,Above,200,Above,0.253,160,25.67567568,Overweight
Jeffrey Leonard,Right,74,Above,200,Above,0.266,144,25.67567568,Overweight
Joe Ferguson,Right,74,Above,200,Above,0.24,122,25.67567568,Overweight
Bill Schroeder,Right,74,Above,200,Above,0.24,61,25.67567568,Overweight
Mickey Hatcher,Right,74,Above,200,Above,0.28,38,25.67567568,Overweight
Mike Anderson,Right,74,Above,200,Above,0.246,28,25.67567568,Overweight
Pete LaCock,Left,74,Above,200,Above,0.257,27,25.67567568,Overweight
Bill Nahorodny,Right,74,Above,200,Above,0.241,25,25.67567568,Overweight
Hal Breeden,Right,74,Above,200,Above,0.243,21,25.67567568,Overweight
Dick Nen,Left,74,Above,200,Above,0.224,21,25.67567568,Overweight
Carl Taylor,Right,74,Above,200,Above,0.266,10,25.67567568,Overweight
Dave Skaggs,Right,74,Above,200,Above,0.241,3,25.67567568,Overweight
Steve Burke,Both,74,Above,200,Above,0,0,25.67567568,Overweight
Steve Cummings,Both,74,Above,200,Above,0,0,25.67567568,Overweight
Paul Boris,Right,74,Above,200,Above,0,0,25.67567568,Overweight
John Leister,Right,74,Above,200,Above,0,0,25.67567568,Overweight
Vida Blue,Both,72,Below,189,Below,0.104,4,25.63020833,Overweight
Don Mincher,Left,75,Above,205,Above,0.249,200,25.62044444,Overweight
Gary Roenicke,Right,75,Above,205,Above,0.247,121,25.62044444,Overweight
Ed Kranepool,Left,75,Above,205,Above,0.261,118,25.62044444,Overweight
Greg Walker,Left,75,Above,205,Above,0.26,113,25.62044444,Overweight
Bob Oliver,Right,75,Above,205,Above,0.256,94,25.62044444,Overweight
Mike Ivie,Right,75,Above,205,Above,0.269,81,25.62044444,Overweight
Andy Kosco,Right,75,Above,205,Above,0.236,73,25.62044444,Overweight
Barry Foote,Right,75,Above,205,Above,0.23,57,25.62044444,Overweight
Marc Hill,Right,75,Above,205,Above,0.223,34,25.62044444,Overweight
Bruce Bochy,Right,75,Above,205,Above,0.239,26,25.62044444,Overweight
Jerry Narron,Left,75,Above,205,Above,0.211,21,25.62044444,Overweight
Jim Barr,Right,75,Above,205,Above,0.162,1,25.62044444,Overweight
John Trautwein,Right,75,Above,205,Above,0,0,25.62044444,Overweight
Andy Beene,Right,75,Above,205,Above,0,0,25.62044444,Overweight
Gary Wheelock,Right,75,Above,205,Above,0,0,25.62044444,Overweight
Frank Dimichele,Right,75,Above,205,Above,0,0,25.62044444,Overweight
Don Kainer,Right,75,Above,205,Above,0,0,25.62044444,Overweight
Larry Pashnick,Right,75,Above,205,Above,0,0,25.62044444,Overweight
Ken Singleton,Both,76,Above,210,Above,0.282,246,25.55921053,Overweight
Dave Revering,Left,76,Above,210,Above,0.265,62,25.55921053,Overweight
Len Gabrielson,Left,76,Above,210,Above,0.253,37,25.55921053,Overweight
Glenn Borgmann,Right,76,Above,210,Above,0.229,16,25.55921053,Overweight
Steve Carlton,Left,76,Above,210,Above,0.201,13,25.55921053,Overweight
Mike Loynd,Right,76,Above,210,Above,0,0,25.55921053,Overweight
Bill Moran,Right,76,Above,210,Above,0,0,25.55921053,Overweight
Bob Kammeyer,Right,76,Above,210,Above,0,0,25.55921053,Overweight
Mike Parrott,Right,76,Above,210,Above,0,0,25.55921053,Overweight
Al Jones,Right,76,Above,210,Above,0,0,25.55921053,Overweight
Luis Aguayo,Right,69,Below,173,Below,0.236,37,25.54484352,Overweight
Angel Mangual,Right,70,Below,178,Below,0.245,22,25.53755102,Overweight
Larry Cox,Right,70,Below,178,Below,0.221,12,25.53755102,Overweight
Bill Sharp,Left,70,Below,178,Below,0.255,9,25.53755102,Overweight
Luis Encarnacion,Right,70,Below,178,Below,0,0,25.53755102,Overweight
Bob Coluccio,Right,71,Below,183,Below,0.22,26,25.52053164,Overweight
Rick Renick,Right,72,Below,188,Below,0.221,20,25.49459877,Overweight
Britt Burns,Left,77,Above,215,Above,0,0,25.49249452,Overweight
Butch Hobson,Right,73,Below,193,Above,0.248,98,25.46049916,Overweight
Tom Nieto,Right,73,Below,193,Above,0.205,5,25.46049916,Overweight
Les Straker,Right,73,Below,193,Above,0,0,25.46049916,Overweight
Donn Clendenon,Right,76,Above,209,Above,0.274,159,25.4375,Overweight
Bump Wills,Both,69,Below,172,Below,0.266,36,25.39718547,Overweight
Tony Mack,Right,70,Below,177,Below,0,0,25.39408163,Overweight
Larvell Blanks,Right,68,Below,167,Below,0.253,20,25.38948962,Overweight
Tony Armas,Right,71,Below,182,Below,0.252,251,25.38107518,Overweight
Greg Thayer,Right,71,Below,182,Below,0,0,25.38107518,Overweight
Bill Freehan,Right,75,Above,203,Above,0.262,200,25.37048889,Overweight
Butch Edge,Right,75,Above,203,Above,0,0,25.37048889,Overweight
Duffy Dyer,Right,72,Below,187,Below,0.221,30,25.3589892,Overweight
Gary Gray,Right,72,Below,187,Below,0.24,24,25.3589892,Overweight
Rick Joseph,Right,73,Below,192,Above,0.243,13,25.32857947,Overweight
Duke Sims,Left,74,Above,197,Above,0.239,100,25.29054054,Overweight
Gary Nolan,Right,74,Above,197,Above,0.138,1,25.29054054,Overweight
Ron Hunt,Right,72,Below,186,Below,0.273,39,25.22337963,Overweight
Jim Nettles,Left,72,Below,186,Below,0.22,16,25.22337963,Overweight
Bob Chance,Left,74,Above,196,Above,0.261,24,25.16216216,Overweight
Phil Garner,Right,70,Below,175,Below,0.26,109,25.10714286,Overweight
Bob Johnson,Right,70,Below,175,Below,0.272,44,25.10714286,Overweight
Pedro Garcia,Right,70,Below,175,Below,0.22,37,25.10714286,Overweight
Rusty Torres,Both,70,Below,175,Below,0.212,35,25.10714286,Overweight
Al Luplow,Left,70,Below,175,Below,0.235,33,25.10714286,Overweight
Mike Hershberger,Right,70,Below,175,Below,0.252,26,25.10714286,Overweight
Biff Pocoroba,Both,70,Below,175,Below,0.257,21,25.10714286,Overweight
Wayne Comer,Right,70,Below,175,Below,0.229,16,25.10714286,Overweight
Dave Chalk,Right,70,Below,175,Below,0.252,15,25.10714286,Overweight
Bubba Morton,Right,70,Below,175,Below,0.267,14,25.10714286,Overweight
Tom Poquette,Left,70,Below,175,Below,0.268,10,25.10714286,Overweight
Jim Norris,Left,70,Below,175,Below,0.264,7,25.10714286,Overweight
Ron Clark,Right,70,Below,175,Below,0.189,5,25.10714286,Overweight
Barry Raziano,Both,70,Below,175,Below,0,0,25.10714286,Overweight
Hal McRae,Right,71,Below,180,Below,0.29,191,25.10216227,Overweight
Bill Madlock,Right,71,Below,180,Below,0.305,163,25.10216227,Overweight
Dan Meyer,Left,71,Below,180,Below,0.253,86,25.10216227,Overweight
George Wright,Both,71,Below,180,Below,0.245,42,25.10216227,Overweight
Ed Spiezio,Right,71,Below,180,Below,0.238,39,25.10216227,Overweight
Charlie Moore,Right,71,Below,180,Below,0.261,36,25.10216227,Overweight
Bob Stinson,Both,71,Below,180,Below,0.25,33,25.10216227,Overweight
Tom Hutton,Left,71,Below,180,Below,0.248,22,25.10216227,Overweight
Elliott Maddox,Right,71,Below,180,Below,0.261,18,25.10216227,Overweight
Joe Wallis,Both,71,Below,180,Below,0.244,16,25.10216227,Overweight
Ed Stroud,Left,71,Below,180,Below,0.237,14,25.10216227,Overweight
Kiko Garcia,Right,71,Below,180,Below,0.239,12,25.10216227,Overweight
John Stephenson,Left,71,Below,180,Below,0.216,12,25.10216227,Overweight
Bobby Cox,Right,71,Below,180,Below,0.225,9,25.10216227,Overweight
Steve Jeltz,Both,71,Below,180,Below,0.21,5,25.10216227,Overweight
Ray Sadecki,Left,71,Below,180,Below,0.191,5,25.10216227,Overweight
Leon Hooten,Right,71,Below,180,Below,0,0,25.10216227,Overweight
Jose Cecena,Right,71,Below,180,Below,0,0,25.10216227,Overweight
Carlos Velazquez,Right,71,Below,180,Below,0,0,25.10216227,Overweight
Glen Cook,Right,71,Below,180,Below,0,0,25.10216227,Overweight
De Wayne Vaughn,Right,71,Below,180,Below,0,0,25.10216227,Overweight
Davey Lopes,Right,69,Below,170,Below,0.263,155,25.10186936,Overweight
Tony Gonzalez,Left,69,Below,170,Below,0.286,103,25.10186936,Overweight
Bucky Dent,Right,69,Below,170,Below,0.247,40,25.10186936,Overweight
Horace Clarke,Both,69,Below,170,Below,0.256,27,25.10186936,Overweight
Mike Tyson,Right,69,Below,170,Below,0.241,27,25.10186936,Overweight
Jimmie Schaffer,Right,69,Below,170,Below,0.223,11,25.10186936,Overweight
Juan Bonilla,Right,69,Below,170,Below,0.256,7,25.10186936,Overweight
Gene Clines,Right,69,Below,170,Below,0.277,5,25.10186936,Overweight
Rick Peters,Both,69,Below,170,Below,0.277,2,25.10186936,Overweight
Israel Sanchez,Left,69,Below,170,Below,0,0,25.10186936,Overweight
Bill Buckner,Left,72,Below,185,Below,0.289,174,25.08777006,Overweight
John Milner,Left,72,Below,185,Below,0.249,131,25.08777006,Overweight
Willie Upshaw,Left,72,Below,185,Below,0.262,123,25.08777006,Overweight
Denis Menke,Right,72,Below,185,Below,0.25,101,25.08777006,Overweight
Cleon Jones,Right,72,Below,185,Below,0.281,93,25.08777006,Overweight
Phil Bradley,Right,72,Below,185,Below,0.286,78,25.08777006,Overweight
John Stearns,Right,72,Below,185,Below,0.26,46,25.08777006,Overweight
Roy Foster,Right,72,Below,185,Below,0.253,45,25.08777006,Overweight
Frank Fernandez,Right,72,Below,185,Below,0.199,39,25.08777006,Overweight
Chris Brown,Right,72,Below,185,Below,0.269,38,25.08777006,Overweight
John Kennedy,Right,72,Below,185,Below,0.225,32,25.08777006,Overweight
Steve Ontiveros,Both,72,Below,185,Below,0.274,24,25.08777006,Overweight
Gary Sutherland,Right,72,Below,185,Below,0.243,24,25.08777006,Overweight
Duane Walker,Left,72,Below,185,Below,0.229,24,25.08777006,Overweight
Willie Norwood,Right,72,Below,185,Below,0.242,18,25.08777006,Overweight
Ray Webster,Left,72,Below,185,Below,0.244,17,25.08777006,Overweight
Ken Retzer,Left,72,Below,185,Below,0.264,14,25.08777006,Overweight
Ron Pruitt,Right,72,Below,185,Below,0.269,12,25.08777006,Overweight
Joe Keough,Left,72,Below,185,Below,0.246,9,25.08777006,Overweight
Joe Lovitto,Both,72,Below,185,Below,0.216,4,25.08777006,Overweight
Juan Marichal,Right,72,Below,185,Below,0.165,4,25.08777006,Overweight
Rob Andrews,Right,72,Below,185,Below,0.251,3,25.08777006,Overweight
Mike Champion,Right,72,Below,185,Below,0.229,2,25.08777006,Overweight
Fritz Peterson,Both,72,Below,185,Below,0.159,2,25.08777006,Overweight
Joel McKeon,Left,72,Below,185,Below,0,0,25.08777006,Overweight
Luis Aponte,Right,72,Below,185,Below,0,0,25.08777006,Overweight
Bob Davidson,Right,72,Below,185,Below,0,0,25.08777006,Overweight
Rich Wortham,Right,72,Below,185,Below,0,0,25.08777006,Overweight
Ron Theobald,Right,68,Below,165,Below,0.248,2,25.08542388,Overweight
Steve Curry,Right,78,Above,217,Above,0,0,25.07412886,Overweight
Don Baylor,Right,73,Below,190,Below,0.26,338,25.0647401,Overweight
Bobby Bonds,Right,73,Below,190,Below,0.268,332,25.0647401,Overweight
Jim Fregosi,Right,73,Below,190,Below,0.265,151,25.0647401,Overweight
Johnny Briggs,Left,73,Below,190,Below,0.253,139,25.0647401,Overweight
Fred Whitfield,Left,73,Below,190,Below,0.253,108,25.0647401,Overweight
Roy Howell,Left,73,Below,190,Below,0.261,80,25.0647401,Overweight
Butch Wynegar,Both,73,Below,190,Below,0.255,65,25.0647401,Overweight
Bill Sudakis,Both,73,Below,190,Below,0.234,59,25.0647401,Overweight
Andy Etchebarren,Right,73,Below,190,Below,0.235,49,25.0647401,Overweight
Glenn Beckert,Right,73,Below,190,Below,0.283,22,25.0647401,Overweight
Joe Gaines,Right,73,Below,190,Below,0.241,21,25.0647401,Overweight
Terry Francona,Left,73,Below,190,Below,0.274,16,25.0647401,Overweight
Ned Yost,Right,73,Below,190,Below,0.212,16,25.0647401,Overweight
Bob Uecker,Right,73,Below,190,Below,0.2,14,25.0647401,Overweight
Bill Plummer,Right,73,Below,190,Below,0.188,14,25.0647401,Overweight
Eric Wilkins,Right,73,Below,190,Below,0,0,25.0647401,Overweight
Bruce Robbins,Left,73,Below,190,Below,0,0,25.0647401,Overweight
Bert Bradley,Both,73,Below,190,Below,0,0,25.0647401,Overweight
Greg Erardi,Right,73,Below,190,Below,0,0,25.0647401,Overweight
Mark Esser,Right,73,Below,190,Below,0,0,25.0647401,Overweight
Dave Smith,Right,73,Below,190,Below,0,0,25.0647401,Overweight
Craig Chamberlain,Right,73,Below,190,Below,0,0,25.0647401,Overweight
Joe Morgan,Left,67,Below,160,Below,0.271,268,25.05680552,Overweight
Don Buford,Both,67,Below,160,Below,0.264,93,25.05680552,Overweight
Mike Schmidt,Right,74,Above,195,Above,0.267,548,25.03378378,Overweight
Jim Spencer,Left,74,Above,195,Above,0.25,146,25.03378378,Overweight
Gary Ward,Right,74,Above,195,Above,0.276,130,25.03378378,Overweight
Don Lock,Right,74,Above,195,Above,0.238,122,25.03378378,Overweight
Curt Blefary,Left,74,Above,195,Above,0.237,112,25.03378378,Overweight
Lee Thomas,Left,74,Above,195,Above,0.255,106,25.03378378,Overweight
Bob Boone,Right,74,Above,195,Above,0.254,105,25.03378378,Overweight
George Mitterwald,Right,74,Above,195,Above,0.236,76,25.03378378,Overweight
Ron Swoboda,Right,74,Above,195,Above,0.242,73,25.03378378,Overweight
Mike Young,Both,74,Above,195,Above,0.247,72,25.03378378,Overweight
Gary Alexander,Right,74,Above,195,Above,0.23,55,25.03378378,Overweight
Jim Essian,Right,74,Above,195,Above,0.244,33,25.03378378,Overweight
Ivan Murrell,Right,74,Above,195,Above,0.236,33,25.03378378,Overweight
Mike Diaz,Right,74,Above,195,Above,0.247,31,25.03378378,Overweight
Mike Brown,Right,74,Above,195,Above,0.265,23,25.03378378,Overweight
Bob Jones,Left,74,Above,195,Above,0.221,20,25.03378378,Overweight
Cap Peterson,Right,74,Above,195,Above,0.23,19,25.03378378,Overweight
John Hale,Left,74,Above,195,Above,0.201,14,25.03378378,Overweight
Larry Haney,Right,74,Above,195,Above,0.215,12,25.03378378,Overweight
Don Wilson,Right,74,Above,195,Above,0.146,1,25.03378378,Overweight
Ozzie Osborn,Right,74,Above,195,Above,0,0,25.03378378,Overweight
Kevin Bearse,Left,74,Above,195,Above,0,0,25.03378378,Overweight
Reggie Ritter,Left,74,Above,195,Above,0,0,25.03378378,Overweight
Jeff Peterek,Right,74,Above,195,Above,0,0,25.03378378,Overweight
Pete Filson,Both,74,Above,195,Above,0,0,25.03378378,Overweight
Mike Brown,Right,74,Above,195,Above,0,0,25.03378378,Overweight
Mike Pazik,Left,74,Above,195,Above,0,0,25.03378378,Overweight
Bryan Kelly,Right,74,Above,195,Above,0,0,25.03378378,Overweight
Andre Thornton,Right,75,Above,200,Above,0.254,253,24.99555556,Overweight
Rico Carty,Right,75,Above,200,Above,0.299,204,24.99555556,Overweight
Nick Esasky,Right,75,Above,200,Above,0.25,122,24.99555556,Overweight
Leon Roberts,Right,75,Above,200,Above,0.267,78,24.99555556,Overweight
Doug Ault,Right,75,Above,200,Above,0.236,17,24.99555556,Overweight
Dean Chance,Right,75,Above,200,Above,0.066,0,24.99555556,Overweight
Bob Fallon,Left,75,Above,200,Above,0,0,24.99555556,Overweight
Roger Miller,Right,75,Above,200,Above,0,0,24.99555556,Overweight
Tom Buskey,Right,75,Above,200,Above,0,0,24.99555556,Overweight
Darrell Brown,Both,72,Below,184,Below,0.274,1,24.95216049,Overweight
Ellis Valentine,Right,76,Above,205,Above,0.278,123,24.95065789,Overweight
Bob Tillman,Right,76,Above,205,Above,0.232,79,24.95065789,Overweight
Gaylord Perry,Right,76,Above,205,Above,0.131,6,24.95065789,Overweight
Brian Denman,Right,76,Above,205,Above,0,0,24.95065789,Overweight
Gary Beare,Right,76,Above,205,Above,0,0,24.95065789,Overweight
Sherman Corbett,Left,76,Above,205,Above,0,0,24.95065789,Overweight
Mike Rochford,Left,76,Above,205,Above,0,0,24.95065789,Overweight
Don Welchel,Right,76,Above,205,Above,0,0,24.95065789,Overweight
Jeff Rineer,Left,76,Above,205,Above,0,0,24.95065789,Overweight
Curt Motton,Right,68,Below,164,Below,0.213,25,24.933391,Overweight
Johnny Lewis,Left,73,Below,189,Below,0.227,22,24.93282042,Overweight
Barry Cort,Right,77,Above,210,Above,0,0,24.89964581,Overweight
Bob Babcock,Right,77,Above,210,Above,0,0,24.89964581,Overweight
John Poloni,Left,77,Above,210,Above,0,0,24.89964581,Overweight
Jeff Holly,Left,77,Above,210,Above,0,0,24.89964581,Overweight
Ron Reed,Right,78,Above,215,Above,0.158,0,24.8430309,Overweight
Mike Jones,Left,78,Above,215,Above,0,0,24.8430309,Overweight
Sam Hinds,Right,78,Above,215,Above,0,0,24.8430309,Overweight
Howie Goss,Right,76,Above,204,Above,0.216,11,24.82894737,Overweight
Tommy McCraw,Left,72,Below,183,Below,0.246,75,24.81655093,Overweight
Danny Thompson,Right,72,Below,183,Below,0.248,15,24.81655093,Overweight
Jerry Augustine,Left,72,Below,183,Below,0,0,24.81655093,Overweight
Mike Hegan,Left,73,Below,188,Below,0.242,53,24.80090073,Overweight
Sam Bowens,Right,73,Below,188,Below,0.223,45,24.80090073,Overweight
Larry Hisle,Right,74,Above,193,Above,0.273,166,24.77702703,Overweight
Nardi Contreras,Both,74,Above,193,Above,0,0,24.77702703,Overweight
Al Lachowicz,Right,75,Above,198,Above,0,0,24.7456,Overweight
Tony Chevez,Right,71,Below,177,Below,0,0,24.6837929,Overweight
Lou Piniella,Right,72,Below,182,Below,0.291,102,24.68094136,Overweight
Willie Smith,Left,72,Below,182,Below,0.248,46,24.68094136,Overweight
Bobby Wine,Right,73,Below,187,Below,0.215,30,24.66898105,Overweight
John Vukovich,Right,73,Below,187,Below,0.161,6,24.66898105,Overweight
Ed Hodge,Left,74,Above,192,Above,0,0,24.64864865,Overweight
Freddie Patek,Right,65,Below,148,Below,0.242,41,24.62579882,Overweight
Woodie Fryman,Right,75,Above,197,Above,0.138,2,24.62062222,Overweight
Dick McAuliffe,Left,71,Below,176,Below,0.247,197,24.54433644,Overweight
Bob Veale,Both,78,Above,212,Above,0.114,0,24.49638396,Overweight
Graig Nettles,Left,72,Below,180,Below,0.248,390,24.40972222,Overweight
Reggie Smith,Both,72,Below,180,Below,0.287,314,24.40972222,Overweight
Keith Hernandez,Left,72,Below,180,Below,0.296,162,24.40972222,Overweight
Mike Lum,Left,72,Below,180,Below,0.247,90,24.40972222,Overweight
Joel Youngblood,Right,72,Below,180,Below,0.265,80,24.40972222,Overweight
Jim Lefebvre,Both,72,Below,180,Below,0.251,74,24.40972222,Overweight
Ken Reitz,Right,72,Below,180,Below,0.26,68,24.40972222,Overweight
Dale Berra,Right,72,Below,180,Below,0.236,49,24.40972222,Overweight
Rich Dauer,Right,72,Below,180,Below,0.257,43,24.40972222,Overweight
Terry Crowley,Left,72,Below,180,Below,0.25,42,24.40972222,Overweight
Billy Conigliaro,Right,72,Below,180,Below,0.256,40,24.40972222,Overweight
Mike Cubbage,Left,72,Below,180,Below,0.258,34,24.40972222,Overweight
Paul Householder,Both,72,Below,180,Below,0.236,29,24.40972222,Overweight
Jerry McNertney,Right,72,Below,180,Below,0.237,27,24.40972222,Overweight
Kurt Bevacqua,Right,72,Below,180,Below,0.236,27,24.40972222,Overweight
Andres Mora,Right,72,Below,180,Below,0.223,27,24.40972222,Overweight
Jake Gibbs,Left,72,Below,180,Below,0.233,25,24.40972222,Overweight
Steve Whitaker,Left,72,Below,180,Below,0.23,24,24.40972222,Overweight
Jim Holt,Left,72,Below,180,Below,0.265,19,24.40972222,Overweight
Ron Roenicke,Both,72,Below,180,Below,0.238,17,24.40972222,Overweight
Dane Iorg,Left,72,Below,180,Below,0.276,14,24.40972222,Overweight
Greg Pryor,Right,72,Below,180,Below,0.25,14,24.40972222,Overweight
Tom O'Malley,Left,72,Below,180,Below,0.256,13,24.40972222,Overweight
Dick Phillips,Left,72,Below,180,Below,0.229,12,24.40972222,Overweight
Doug Clemens,Left,72,Below,180,Below,0.229,12,24.40972222,Overweight
Dan Briggs,Left,72,Below,180,Below,0.195,12,24.40972222,Overweight
Al Gallagher,Right,72,Below,180,Below,0.263,11,24.40972222,Overweight
Jim Lyttle,Left,72,Below,180,Below,0.248,9,24.40972222,Overweight
Phil Mankowski,Left,72,Below,180,Below,0.264,8,24.40972222,Overweight
Orlando Mercado,Right,72,Below,180,Below,0.199,7,24.40972222,Overweight
Julio Gotay,Right,72,Below,180,Below,0.26,6,24.40972222,Overweight
Bob Davis,Right,72,Below,180,Below,0.197,6,24.40972222,Overweight
Luis Tiant,Right,72,Below,180,Below,0.164,5,24.40972222,Overweight
Pat Corrales,Right,72,Below,180,Below,0.216,4,24.40972222,Overweight
Angel Salazar,Right,72,Below,180,Below,0.212,2,24.40972222,Overweight
Dewey Robinson,Right,72,Below,180,Below,0,0,24.40972222,Overweight
Mark Souza,Left,72,Below,180,Below,0,0,24.40972222,Overweight
Mark Ciardi,Right,72,Below,180,Below,0,0,24.40972222,Overweight
Dennis Burtt,Right,72,Below,180,Below,0,0,24.40972222,Overweight
Bruce Ellingsen,Left,72,Below,180,Below,0,0,24.40972222,Overweight
Tom McCarthy,Right,72,Below,180,Below,0,0,24.40972222,Overweight
Fred Lynn,Left,73,Below,185,Below,0.283,306,24.40514168,Overweight
Dwayne Murphy,Left,73,Below,185,Below,0.246,166,24.40514168,Overweight
Roy Smalley,Both,73,Below,185,Below,0.257,163,24.40514168,Overweight
Leon Durham,Left,73,Below,185,Below,0.277,147,24.40514168,Overweight
Dan Ford,Right,73,Below,185,Below,0.27,121,24.40514168,Overweight
Mickey Stanley,Right,73,Below,185,Below,0.248,117,24.40514168,Overweight
Pete Ward,Left,73,Below,185,Below,0.254,98,24.40514168,Overweight
Ray Knight,Right,73,Below,185,Below,0.271,84,24.40514168,Overweight
Pat Kelly,Left,73,Below,185,Below,0.264,76,24.40514168,Overweight
Lou Clinton,Right,73,Below,185,Below,0.247,65,24.40514168,Overweight
Benny Ayala,Right,73,Below,185,Below,0.251,38,24.40514168,Overweight
Ted Savage,Right,73,Below,185,Below,0.233,34,24.40514168,Overweight
Fred Kendall,Right,73,Below,185,Below,0.234,31,24.40514168,Overweight
Manny Jimenez,Left,73,Below,185,Below,0.272,26,24.40514168,Overweight
Syd O'Brien,Right,73,Below,185,Below,0.23,24,24.40514168,Overweight
Tom Satriano,Left,73,Below,185,Below,0.225,21,24.40514168,Overweight
Ron Hodges,Left,73,Below,185,Below,0.24,19,24.40514168,Overweight
Paul Dade,Right,73,Below,185,Below,0.27,10,24.40514168,Overweight
Tim Cullen,Right,73,Below,185,Below,0.22,9,24.40514168,Overweight
Bruce Miller,Right,73,Below,185,Below,0.246,1,24.40514168,Overweight
Joe Niekro,Right,73,Below,185,Below,0.156,1,24.40514168,Overweight
Denny McLain,Right,73,Below,185,Below,0.133,1,24.40514168,Overweight
Don Sutton,Right,73,Below,185,Below,0.144,0,24.40514168,Overweight
John LaRose,Left,73,Below,185,Below,0,0,24.40514168,Overweight
Gil Patterson,Right,73,Below,185,Below,0,0,24.40514168,Overweight
Randy Scarbery,Both,73,Below,185,Below,0,0,24.40514168,Overweight
Tom Gilles,Right,73,Below,185,Below,0,0,24.40514168,Overweight
Randy Wiles,Left,73,Below,185,Below,0,0,24.40514168,Overweight
Dave Stapleton,Left,73,Below,185,Below,0,0,24.40514168,Overweight
Mike Kinnunen,Left,73,Below,185,Below,0,0,24.40514168,Overweight
Don Cooper,Right,73,Below,185,Below,0,0,24.40514168,Overweight
Carl Yastrzemski,Left,71,Below,175,Below,0.285,452,24.40487998,Overweight
Jim Morrison,Right,71,Below,175,Below,0.26,112,24.40487998,Overweight
Wayne Garrett,Left,71,Below,175,Below,0.239,61,24.40487998,Overweight
Tito Fuentes,Both,71,Below,175,Below,0.268,45,24.40487998,Overweight
John Castino,Right,71,Below,175,Below,0.278,41,24.40487998,Overweight
Marvell Wynne,Left,71,Below,175,Below,0.247,40,24.40487998,Overweight
Dave Collins,Both,71,Below,175,Below,0.272,32,24.40487998,Overweight
Joe Nolan,Left,71,Below,175,Below,0.263,27,24.40487998,Overweight
U L Washington,Both,71,Below,175,Below,0.251,27,24.40487998,Overweight
Mike de la Hoz,Right,71,Below,175,Below,0.251,25,24.40487998,Overweight
Jim Wohlford,Right,71,Below,175,Below,0.26,21,24.40487998,Overweight
Ivan DeJesus,Right,71,Below,175,Below,0.254,21,24.40487998,Overweight
Tito Landrum,Right,71,Below,175,Below,0.249,13,24.40487998,Overweight
Tim Corcoran,Left,71,Below,175,Below,0.27,12,24.40487998,Overweight
Tim Flannery,Left,71,Below,175,Below,0.255,9,24.40487998,Overweight
Junior Kennedy,Right,71,Below,175,Below,0.248,4,24.40487998,Overweight
Jackie Gutierrez,Right,71,Below,175,Below,0.237,4,24.40487998,Overweight
Al Downing,Right,71,Below,175,Below,0.127,2,24.40487998,Overweight
Len Whitehouse,Left,71,Below,175,Below,0,0,24.40487998,Overweight
Lafayette Currence,Both,71,Below,175,Below,0,0,24.40487998,Overweight
Craig Eaton,Right,71,Below,175,Below,0,0,24.40487998,Overweight
Jim Campbell,Left,71,Below,175,Below,0,0,24.40487998,Overweight
Rusty Staub,Left,74,Above,190,Below,0.279,292,24.39189189,Overweight
Doug DeCinces,Right,74,Above,190,Below,0.259,237,24.39189189,Overweight
Nate Colbert,Right,74,Above,190,Below,0.243,173,24.39189189,Overweight
Ken Harrelson,Right,74,Above,190,Below,0.239,131,24.39189189,Overweight
Dave Duncan,Right,74,Above,190,Below,0.214,109,24.39189189,Overweight
Bobby Darwin,Right,74,Above,190,Below,0.251,83,24.39189189,Overweight
Steve Henderson,Right,74,Above,190,Below,0.28,68,24.39189189,Overweight
Tom Grieve,Right,74,Above,190,Below,0.249,65,24.39189189,Overweight
Bake McBride,Left,74,Above,190,Below,0.299,63,24.39189189,Overweight
Art Howe,Right,74,Above,190,Below,0.26,43,24.39189189,Overweight
Phil Roof,Right,74,Above,190,Below,0.215,43,24.39189189,Overweight
Ted Uhlaender,Left,74,Above,190,Below,0.263,36,24.39189189,Overweight
Jesus Alou,Right,74,Above,190,Below,0.28,32,24.39189189,Overweight
Buck Rodgers,Both,74,Above,190,Below,0.232,31,24.39189189,Overweight
Byron Browne,Right,74,Above,190,Below,0.236,30,24.39189189,Overweight
Len Matuszek,Left,74,Above,190,Below,0.234,30,24.39189189,Overweight
Pete Mackanin,Right,74,Above,190,Below,0.226,30,24.39189189,Overweight
Bobby Brown,Both,74,Above,190,Below,0.245,26,24.39189189,Overweight
Jack Hiatt,Right,74,Above,190,Below,0.251,22,24.39189189,Overweight
Jerry May,Right,74,Above,190,Below,0.234,15,24.39189189,Overweight
Jim Beauchamp,Right,74,Above,190,Below,0.231,14,24.39189189,Overweight
Tommie Reynolds,Right,74,Above,190,Below,0.226,12,24.39189189,Overweight
Jim Maloney,Left,74,Above,190,Below,0.201,7,24.39189189,Overweight
Mark Brown,Both,74,Above,190,Below,0,0,24.39189189,Overweight
Tom Klawitter,Right,74,Above,190,Below,0,0,24.39189189,Overweight
Mike Overy,Right,74,Above,190,Below,0,0,24.39189189,Overweight
Rickey Keeton,Right,74,Above,190,Below,0,0,24.39189189,Overweight
Dennis DeBarr,Left,74,Above,190,Below,0,0,24.39189189,Overweight
Rick Lysander,Right,74,Above,190,Below,0,0,24.39189189,Overweight
John Hoover,Right,74,Above,190,Below,0,0,24.39189189,Overweight
Tom Dozier,Right,74,Above,190,Below,0,0,24.39189189,Overweight
Ruppert Jones,Left,70,Below,170,Below,0.25,147,24.38979592,Overweight
Jorge Orta,Left,70,Below,170,Below,0.278,130,24.38979592,Overweight
Ed Charles,Right,70,Below,170,Below,0.263,86,24.38979592,Overweight
Bill Stein,Right,70,Below,170,Below,0.267,44,24.38979592,Overweight
Joe Lefebvre,Left,70,Below,170,Below,0.258,31,24.38979592,Overweight
Carl Warwick,Right,70,Below,170,Below,0.248,31,24.38979592,Overweight
Von Joshua,Left,70,Below,170,Below,0.273,30,24.38979592,Overweight
Jerry Hairston,Both,70,Below,170,Below,0.258,30,24.38979592,Overweight
Barbaro Garbey,Right,70,Below,170,Below,0.267,11,24.38979592,Overweight
Jim Pankovits,Right,70,Below,170,Below,0.25,9,24.38979592,Overweight
George Smith,Right,70,Below,170,Below,0.205,9,24.38979592,Overweight
Bobby Klaus,Right,70,Below,170,Below,0.208,6,24.38979592,Overweight
Bobby Mitchell,Left,70,Below,170,Below,0.243,3,24.38979592,Overweight
Todd Fischer,Right,70,Below,170,Below,0,0,24.38979592,Overweight
J.R. Richard,Right,80,Above,222,Above,0.168,10,24.3853125,Overweight
Lee May,Right,75,Above,195,Above,0.267,354,24.37066667,Overweight
George Hendrick,Right,75,Above,195,Above,0.278,267,24.37066667,Overweight
Bruce Bochte,Left,75,Above,195,Above,0.282,100,24.37066667,Overweight
Mike Shannon,Right,75,Above,195,Above,0.255,68,24.37066667,Overweight
Mike Andrews,Right,75,Above,195,Above,0.258,66,24.37066667,Overweight
Clint Hurdle,Left,75,Above,195,Above,0.259,32,24.37066667,Overweight
Ted Cox,Right,75,Above,195,Above,0.245,10,24.37066667,Overweight
Rick Rhoden,Right,75,Above,195,Above,0.238,9,24.37066667,Overweight
Dave Roberts,Left,75,Above,195,Above,0.194,7,24.37066667,Overweight
Bob Knepper,Left,75,Above,195,Above,0.137,6,24.37066667,Overweight
Scot Thompson,Left,75,Above,195,Above,0.262,5,24.37066667,Overweight
Jeff Byrd,Right,75,Above,195,Above,0,0,24.37066667,Overweight
Jerry Garvin,Left,75,Above,195,Above,0,0,24.37066667,Overweight
Jeff Schneider,Both,75,Above,195,Above,0,0,24.37066667,Overweight
Jeff Shaver,Right,75,Above,195,Above,0,0,24.37066667,Overweight
Bill Fulton,Right,75,Above,195,Above,0,0,24.37066667,Overweight
Jim Burton,Right,75,Above,195,Above,0,0,24.37066667,Overweight
Gary Lance,Both,75,Above,195,Above,0,0,24.37066667,Overweight
Tommy Harper,Right,69,Below,165,Below,0.257,146,24.36357908,Overweight
Julio Cruz,Both,69,Below,165,Below,0.237,23,24.36357908,Overweight
Jerry Remy,Left,69,Below,165,Below,0.275,7,24.36357908,Overweight
Mike Sadek,Right,69,Below,165,Below,0.226,5,24.36357908,Overweight
Rudy Meoli,Left,69,Below,165,Below,0.212,2,24.36357908,Overweight
Angel Moreno,Left,69,Below,165,Below,0,0,24.36357908,Overweight
Jason Thompson,Left,76,Above,200,Above,0.261,208,24.34210526,Overweight
Billy Bryan,Left,76,Above,200,Above,0.216,41,24.34210526,Overweight
Bob Forsch,Right,76,Above,200,Above,0.213,12,24.34210526,Overweight
Jim Siwy,Right,76,Above,200,Above,0,0,24.34210526,Overweight
Steve Barr,Left,76,Above,200,Above,0,0,24.34210526,Overweight
Mark Clear,Right,76,Above,200,Above,0,0,24.34210526,Overweight
Jaime Cocanower,Right,76,Above,200,Above,0,0,24.34210526,Overweight
Larry Monroe,Right,76,Above,200,Above,0,0,24.34210526,Overweight
Rick Steirer,Right,76,Above,200,Above,0,0,24.34210526,Overweight
Fergie Jenkins,Right,77,Above,205,Above,0.165,13,24.3067971,Overweight
Mike Krukow,Right,77,Above,205,Above,0.193,5,24.3067971,Overweight
Andy Replogle,Right,77,Above,205,Above,0,0,24.3067971,Overweight
Vance Lovelace,Left,77,Above,205,Above,0,0,24.3067971,Overweight
Joel Davis,Left,77,Above,205,Above,0,0,24.3067971,Overweight
Jim Wright,Right,77,Above,205,Above,0,0,24.3067971,Overweight
Clay Christiansen,Right,77,Above,205,Above,0,0,24.3067971,Overweight
Tim Foli,Right,72,Below,179,Below,0.251,25,24.27411265,Overweight
Bob Burda,Left,71,Below,174,Below,0.224,13,24.26542353,Overweight
Dave Kingman,Right,78,Above,210,Above,0.236,442,24.265286,Overweight
Steve Adkins,Right,78,Above,210,Above,0,0,24.265286,Overweight
Bill Robinson,Right,74,Above,189,Below,0.258,166,24.26351351,Overweight
Len Randle,Both,70,Below,169,Below,0.257,27,24.24632653,Overweight
Joe Strain,Right,70,Below,169,Below,0.25,1,24.24632653,Overweight
Steve Ellsworth,Right,80,Above,220,Above,0,0,24.165625,Overweight
Dave Johnson,Right,73,Below,183,Below,0,0,24.14130231,Overweight
Joe Nossek,Right,72,Below,178,Below,0.228,3,24.13850309,Overweight
Randy Jones,Right,72,Below,178,Below,0.132,0,24.13850309,Overweight
Bruce Taylor,Right,72,Below,178,Below,0,0,24.13850309,Overweight
Willie Stargell,Left,74,Above,188,Below,0.282,475,24.13513514,Overweight
Darrel Chaney,Both,74,Above,188,Below,0.217,14,24.13513514,Overweight
Bernie Carbo,Left,71,Below,173,Below,0.264,96,24.12596707,Overweight
Eddie Milner,Left,71,Below,173,Below,0.253,42,24.12596707,Overweight
Rick Monday,Left,75,Above,193,Above,0.264,241,24.12071111,Overweight
Ron Woods,Right,70,Below,168,Below,0.233,26,24.10285714,Overweight
Mike Walters,Right,77,Above,203,Above,0,0,24.06965762,Overweight
Dave Marshall,Left,73,Below,182,Below,0.246,16,24.00938262,Overweight
Denny Lemaster,Right,73,Below,182,Below,0.13,4,24.00938262,Overweight
Rich Yett,Right,74,Above,187,Below,0,0,24.00675676,Overweight
Jim Hickman,Right,75,Above,192,Above,0.252,159,23.99573333,Healthy
Bryan Oelkers,Left,75,Above,192,Above,0,0,23.99573333,Healthy
Felix Millan,Right,71,Below,172,Below,0.279,22,23.98651061,Healthy
Luis Alvarado,Right,69,Below,162,Below,0.214,5,23.92060491,Healthy
Pedro Gonzalez,Right,72,Below,176,Below,0.244,8,23.86728395,Healthy
Doug Frobel,Left,76,Above,196,Above,0.201,20,23.85526316,Healthy
Gary Matthews,Right,74,Above,185,Below,0.281,234,23.75,Healthy
Joe Pepitone,Left,74,Above,185,Below,0.258,219,23.75,Healthy
Alan Ashby,Both,74,Above,185,Below,0.245,90,23.75,Healthy
Jerry Mumphrey,Both,74,Above,185,Below,0.289,70,23.75,Healthy
Ron Oester,Both,74,Above,185,Below,0.265,42,23.75,Healthy
Rob Picciolo,Right,74,Above,185,Below,0.234,17,23.75,Healthy
Billy Smith,Both,74,Above,185,Below,0.23,17,23.75,Healthy
Daryl Sconiers,Left,74,Above,185,Below,0.265,15,23.75,Healthy
Gary Woods,Right,74,Above,185,Below,0.243,13,23.75,Healthy
Larry Harlow,Left,74,Above,185,Below,0.248,12,23.75,Healthy
Jim Mason,Left,74,Above,185,Below,0.203,12,23.75,Healthy
Bruce Boisclair,Left,74,Above,185,Below,0.263,10,23.75,Healthy
Ron Stone,Left,74,Above,185,Below,0.241,6,23.75,Healthy
Jerry Zimmerman,Right,74,Above,185,Below,0.204,3,23.75,Healthy
Steve Eddy,Right,74,Above,185,Below,0,0,23.75,Healthy
Ron Musselman,Right,74,Above,185,Below,0,0,23.75,Healthy
Rick Kreuger,Right,74,Above,185,Below,0,0,23.75,Healthy
Jeff Twitty,Left,74,Above,185,Below,0,0,23.75,Healthy
Stan Thomas,Right,74,Above,185,Below,0,0,23.75,Healthy
Alex Sanchez,Right,74,Above,185,Below,0,0,23.75,Healthy
Colby Ward,Right,74,Above,185,Below,0,0,23.75,Healthy
Shawn Holman,Right,74,Above,185,Below,0,0,23.75,Healthy
Larry Parrish,Right,75,Above,190,Below,0.263,256,23.74577778,Healthy
Ken McMullen,Right,75,Above,190,Below,0.248,156,23.74577778,Healthy
Jim Northrup,Left,75,Above,190,Below,0.267,153,23.74577778,Healthy
Larry Herndon,Right,75,Above,190,Below,0.274,107,23.74577778,Healthy
Cito Gaston,Right,75,Above,190,Below,0.256,91,23.74577778,Healthy
Roger Repoz,Left,75,Above,190,Below,0.224,82,23.74577778,Healthy
Barry Bonnell,Right,75,Above,190,Below,0.272,56,23.74577778,Healthy
Al Woods,Left,75,Above,190,Below,0.271,35,23.74577778,Healthy
Dick Davis,Right,75,Above,190,Below,0.265,27,23.74577778,Healthy
Tommie Aaron,Right,75,Above,190,Below,0.229,13,23.74577778,Healthy
Sonny Siebert,Right,75,Above,190,Below,0.173,12,23.74577778,Healthy
Dick Ruthven,Right,75,Above,190,Below,0.183,1,23.74577778,Healthy
Joe Skalski,Right,75,Above,190,Below,0,0,23.74577778,Healthy
Roger Weaver,Right,75,Above,190,Below,0,0,23.74577778,Healthy
Jim Gideon,Right,75,Above,190,Below,0,0,23.74577778,Healthy
Larry Anderson,Right,75,Above,190,Below,0,0,23.74577778,Healthy
John Hobbs,Right,75,Above,190,Below,0,0,23.74577778,Healthy
Roger Slagle,Right,75,Above,190,Below,0,0,23.74577778,Healthy
Fred Howard,Right,75,Above,190,Below,0,0,23.74577778,Healthy
Jim Lewis,Right,75,Above,190,Below,0,0,23.74577778,Healthy
George Foster,Right,73,Below,180,Below,0.274,348,23.74554325,Healthy
Buddy Bell,Right,73,Below,180,Below,0.279,201,23.74554325,Healthy
Bob Bailey,Right,73,Below,180,Below,0.257,189,23.74554325,Healthy
Tom Tresh,Both,73,Below,180,Below,0.245,153,23.74554325,Healthy
Mack Jones,Left,73,Below,180,Below,0.252,133,23.74554325,Healthy
Chuck Hinton,Right,73,Below,180,Below,0.264,113,23.74554325,Healthy
Ozzie Virgil,Right,73,Below,180,Below,0.243,98,23.74554325,Healthy
Lee Mazzilli,Both,73,Below,180,Below,0.259,93,23.74554325,Healthy
Del Unser,Left,73,Below,180,Below,0.258,87,23.74554325,Healthy
Wes Parker,Both,73,Below,180,Below,0.267,64,23.74554325,Healthy
Gary Thomasson,Left,73,Below,180,Below,0.249,61,23.74554325,Healthy
Rick Manning,Left,73,Below,180,Below,0.257,56,23.74554325,Healthy
Dalton Jones,Left,73,Below,180,Below,0.235,41,23.74554325,Healthy
Rob Wilfong,Left,73,Below,180,Below,0.248,39,23.74554325,Healthy
Glenn Adams,Left,73,Below,180,Below,0.28,34,23.74554325,Healthy
Mike Vail,Right,73,Below,180,Below,0.279,34,23.74554325,Healthy
Frank Duffy,Right,73,Below,180,Below,0.232,26,23.74554325,Healthy
Lyman Bostock,Left,73,Below,180,Below,0.311,23,23.74554325,Healthy
Dave Campbell,Right,73,Below,180,Below,0.213,20,23.74554325,Healthy
Rick Leach,Left,73,Below,180,Below,0.268,18,23.74554325,Healthy
Johnny Jeter,Right,73,Below,180,Below,0.244,18,23.74554325,Healthy
Harry Spilman,Left,73,Below,180,Below,0.237,18,23.74554325,Healthy
Wayne Krenchicki,Left,73,Below,180,Below,0.266,15,23.74554325,Healthy
Rick Wise,Right,73,Below,180,Below,0.195,15,23.74554325,Healthy
Phil Gagliano,Right,73,Below,180,Below,0.238,14,23.74554325,Healthy
Richie Scheinblum,Both,73,Below,180,Below,0.263,13,23.74554325,Healthy
Steve Dillard,Right,73,Below,180,Below,0.243,13,23.74554325,Healthy
Phil Linz,Right,73,Below,180,Below,0.235,11,23.74554325,Healthy
Ken Walters,Right,73,Below,180,Below,0.231,11,23.74554325,Healthy
Don Hahn,Right,73,Below,180,Below,0.236,7,23.74554325,Healthy
Phil Niekro,Right,73,Below,180,Below,0.169,7,23.74554325,Healthy
Rod Kanehl,Right,73,Below,180,Below,0.241,6,23.74554325,Healthy
Ken Rudolph,Right,73,Below,180,Below,0.213,6,23.74554325,Healthy
Barry Evans,Right,73,Below,180,Below,0.251,2,23.74554325,Healthy
Mike Trujillo,Right,73,Below,180,Below,0,0,23.74554325,Healthy
Terry Taylor,Right,73,Below,180,Below,0,0,23.74554325,Healthy
Terry Felton,Right,73,Below,180,Below,0,0,23.74554325,Healthy
Tom Haller,Left,76,Above,195,Above,0.257,134,23.73355263,Healthy
Terry Harper,Right,76,Above,195,Above,0.253,36,23.73355263,Healthy
Nelson Mathews,Right,76,Above,195,Above,0.223,22,23.73355263,Healthy
Jack Billingham,Right,76,Above,195,Above,0.111,0,23.73355263,Healthy
Ron Romanick,Right,76,Above,195,Above,0,0,23.73355263,Healthy
Chris Batton,Right,76,Above,195,Above,0,0,23.73355263,Healthy
Gorman Heimueller,Left,76,Above,195,Above,0,0,23.73355263,Healthy
Rico Petrocelli,Right,72,Below,175,Below,0.251,210,23.73167438,Healthy
Toby Harrah,Right,72,Below,175,Below,0.264,195,23.73167438,Healthy
Jimmie Hall,Left,72,Below,175,Below,0.254,121,23.73167438,Healthy
John Lowenstein,Left,72,Below,175,Below,0.253,116,23.73167438,Healthy
Bernie Allen,Left,72,Below,175,Below,0.239,73,23.73167438,Healthy
Ken Berry,Right,72,Below,175,Below,0.255,58,23.73167438,Healthy
Bill Russell,Right,72,Below,175,Below,0.263,46,23.73167438,Healthy
Larry Stahl,Left,72,Below,175,Below,0.232,36,23.73167438,Healthy
Todd Cruz,Right,72,Below,175,Below,0.22,34,23.73167438,Healthy
Joe Lis,Right,72,Below,175,Below,0.233,32,23.73167438,Healthy
Rick Miller,Left,72,Below,175,Below,0.269,28,23.73167438,Healthy
Gene Richards,Left,72,Below,175,Below,0.29,26,23.73167438,Healthy
Steve Lombardozzi,Right,72,Below,175,Below,0.233,20,23.73167438,Healthy
Hector Torres,Right,72,Below,175,Below,0.216,18,23.73167438,Healthy
Paul Popovich,Both,72,Below,175,Below,0.233,14,23.73167438,Healthy
Ted Kubiak,Both,72,Below,175,Below,0.231,13,23.73167438,Healthy
Mike Fiore,Left,72,Below,175,Below,0.227,13,23.73167438,Healthy
Garry Hancock,Left,72,Below,175,Below,0.247,12,23.73167438,Healthy
Jeff Stone,Left,72,Below,175,Below,0.277,11,23.73167438,Healthy
Ron Davis,Right,72,Below,175,Below,0.233,10,23.73167438,Healthy
Bob Barton,Right,72,Below,175,Below,0.226,9,23.73167438,Healthy
Jack Heidemann,Right,72,Below,175,Below,0.211,9,23.73167438,Healthy
Marv Breeding,Right,72,Below,175,Below,0.25,7,23.73167438,Healthy
Ron Gardenhire,Right,72,Below,175,Below,0.232,4,23.73167438,Healthy
Duane Kuiper,Left,72,Below,175,Below,0.271,1,23.73167438,Healthy
Bob Heise,Right,72,Below,175,Below,0.247,1,23.73167438,Healthy
Jose Roman,Right,72,Below,175,Below,0,0,23.73167438,Healthy
Pat Underwood,Left,72,Below,175,Below,0,0,23.73167438,Healthy
Roy Branch,Right,72,Below,175,Below,0,0,23.73167438,Healthy
Bob Veselic,Right,72,Below,175,Below,0,0,23.73167438,Healthy
Bill Mooneyham,Right,72,Below,175,Below,0,0,23.73167438,Healthy
Bill Paschall,Right,72,Below,175,Below,0,0,23.73167438,Healthy
John Bohnet,Both,72,Below,175,Below,0,0,23.73167438,Healthy
John Flinn,Right,72,Below,175,Below,0,0,23.73167438,Healthy
Jim Lonborg,Right,77,Above,200,Above,0.136,3,23.71394839,Healthy
Jerry Reuss,Left,77,Above,200,Above,0.167,1,23.71394839,Healthy
Ray Burris,Right,77,Above,200,Above,0.151,1,23.71394839,Healthy
Paul Hartzell,Right,77,Above,200,Above,0,0,23.71394839,Healthy
Jeff Schattinger,Left,77,Above,200,Above,0,0,23.71394839,Healthy
Gary Christenson,Left,77,Above,200,Above,0,0,23.71394839,Healthy
Steve Brown,Right,77,Above,200,Above,0,0,23.71394839,Healthy
Lou Brock,Left,71,Below,170,Below,0.293,149,23.7075977,Healthy
Bobby Tolan,Left,71,Below,170,Below,0.265,86,23.7075977,Healthy
Randy Hundley,Right,71,Below,170,Below,0.236,82,23.7075977,Healthy
Johnny Ray,Both,71,Below,170,Below,0.29,53,23.7075977,Healthy
Buddy Bradford,Right,71,Below,170,Below,0.226,52,23.7075977,Healthy
Lou Johnson,Right,71,Below,170,Below,0.258,48,23.7075977,Healthy
Hector Cruz,Right,71,Below,170,Below,0.225,39,23.7075977,Healthy
Dave Cash,Right,71,Below,170,Below,0.283,21,23.7075977,Healthy
Garth Iorg,Right,71,Below,170,Below,0.258,20,23.7075977,Healthy
Chuck Hiller,Left,71,Below,170,Below,0.243,20,23.7075977,Healthy
Alan Bannister,Right,71,Below,170,Below,0.27,19,23.7075977,Healthy
Mickey Klutts,Right,71,Below,170,Below,0.241,14,23.7075977,Healthy
Bob Bailor,Right,71,Below,170,Below,0.264,9,23.7075977,Healthy
Merritt Ranew,Left,71,Below,170,Below,0.247,8,23.7075977,Healthy
Rich Chiles,Left,71,Below,170,Below,0.254,6,23.7075977,Healthy
Tim Blackwell,Both,71,Below,170,Below,0.228,6,23.7075977,Healthy
Rich Morales,Right,71,Below,170,Below,0.195,6,23.7075977,Healthy
Mario Mendoza,Right,71,Below,170,Below,0.215,4,23.7075977,Healthy
Tom Lawless,Right,71,Below,170,Below,0.207,2,23.7075977,Healthy
Tony Arnold,Right,71,Below,170,Below,0,0,23.7075977,Healthy
Bill Castro,Right,71,Below,170,Below,0,0,23.7075977,Healthy
Paul Wilmet,Right,71,Below,170,Below,0,0,23.7075977,Healthy
Sixto Lezcano,Right,70,Below,165,Below,0.271,148,23.67244898,Healthy
Ken Landreaux,Left,70,Below,165,Below,0.268,91,23.67244898,Healthy
Jim Dwyer,Left,70,Below,165,Below,0.26,77,23.67244898,Healthy
Tom Brookens,Right,70,Below,165,Below,0.246,71,23.67244898,Healthy
Mickey Rivers,Left,70,Below,165,Below,0.295,61,23.67244898,Healthy
Rick Burleson,Right,70,Below,165,Below,0.273,50,23.67244898,Healthy
Tommy Helms,Right,70,Below,165,Below,0.269,34,23.67244898,Healthy
Jack Brohamer,Left,70,Below,165,Below,0.245,30,23.67244898,Healthy
Billy Grabarkewitz,Right,70,Below,165,Below,0.236,28,23.67244898,Healthy
Coco Laboy,Right,70,Below,165,Below,0.233,28,23.67244898,Healthy
Ted Sizemore,Right,70,Below,165,Below,0.262,23,23.67244898,Healthy
Alex Trevino,Right,70,Below,165,Below,0.249,23,23.67244898,Healthy
Fernando Gonzalez,Right,70,Below,165,Below,0.235,17,23.67244898,Healthy
Fred Stanley,Right,70,Below,165,Below,0.216,10,23.67244898,Healthy
Gene Locklear,Left,70,Below,165,Below,0.274,9,23.67244898,Healthy
Rafael Landestoy,Both,70,Below,165,Below,0.237,4,23.67244898,Healthy
Winston Llenas,Right,70,Below,165,Below,0.23,3,23.67244898,Healthy
Craig Robinson,Right,70,Below,165,Below,0.219,0,23.67244898,Healthy
Brian Dubois,Left,70,Below,165,Below,0,0,23.67244898,Healthy
Matty Alou,Left,69,Below,160,Below,0.307,31,23.6252888,Healthy
Lenn Sakata,Right,69,Below,160,Below,0.23,25,23.6252888,Healthy
Wayne Tolleson,Both,69,Below,160,Below,0.241,9,23.6252888,Healthy
Boots Day,Left,69,Below,160,Below,0.256,8,23.6252888,Healthy
Elio Chacon,Right,69,Below,160,Below,0.232,4,23.6252888,Healthy
Manny Castillo,Both,69,Below,160,Below,0.242,3,23.6252888,Healthy
Mike Smithson,Left,80,Above,215,Above,0,0,23.61640625,Healthy
Mario Soto,Right,72,Below,174,Below,0.132,1,23.59606481,Healthy
Dick Howser,Right,68,Below,155,Below,0.248,16,23.56509516,Healthy
Enzo Hernandez,Right,68,Below,155,Below,0.224,2,23.56509516,Healthy
Fred Norman,Both,68,Below,155,Below,0.125,0,23.56509516,Healthy
Jerry White,Both,70,Below,164,Below,0.253,21,23.52897959,Healthy
Dusty Baker,Right,74,Above,183,Below,0.278,242,23.49324324,Healthy
Gene Michael,Both,74,Above,183,Below,0.229,15,23.49324324,Healthy
Vic Davalillo,Left,67,Below,150,Below,0.279,36,23.49075518,Healthy
Dave Stapleton,Right,73,Below,178,Below,0.271,41,23.48170388,Healthy
Mel Stottlemyre,Right,73,Below,178,Below,0.16,7,23.48170388,Healthy
Wallace Johnson,Both,72,Below,173,Below,0.255,5,23.46045525,Healthy
Chuck Porter,Right,75,Above,187,Below,0,0,23.37084444,Healthy
Jody Davis,Right,76,Above,192,Above,0.245,127,23.36842105,Healthy
Tim Harkness,Left,74,Above,182,Below,0.235,14,23.36486486,Healthy
Don Wert,Right,70,Below,162,Below,0.242,77,23.24204082,Healthy
Albert Williams,Right,76,Above,190,Below,0,0,23.125,Healthy
Dave Ford,Right,76,Above,190,Below,0,0,23.125,Healthy
T.R. Bryden,Right,76,Above,190,Below,0,0,23.125,Healthy
Mike Darr,Right,76,Above,190,Below,0,0,23.125,Healthy
Karl Best,Right,76,Above,190,Below,0,0,23.125,Healthy
Keith Macwhorter,Right,76,Above,190,Below,0,0,23.125,Healthy
Alan Wirth,Right,76,Above,190,Below,0,0,23.125,Healthy
Chris Knapp,Right,77,Above,195,Above,0,0,23.12109968,Healthy
Tony Conigliaro,Right,75,Above,185,Below,0.264,166,23.12088889,Healthy
Rich Reese,Left,75,Above,185,Below,0.253,52,23.12088889,Healthy
Bobby Mitchell,Right,75,Above,185,Below,0.235,21,23.12088889,Healthy
Terry Humphrey,Right,75,Above,185,Below,0.211,6,23.12088889,Healthy
John Denny,Right,75,Above,185,Below,0.17,0,23.12088889,Healthy
Jeff Barkley,Both,75,Above,185,Below,0,0,23.12088889,Healthy
Gary Mielke,Right,75,Above,185,Below,0,0,23.12088889,Healthy
Rob Woodward,Right,75,Above,185,Below,0,0,23.12088889,Healthy
Alfredo Martinez,Right,75,Above,185,Below,0,0,23.12088889,Healthy
Brian Snyder,Left,75,Above,185,Below,0,0,23.12088889,Healthy
Jeff Richardson,Right,75,Above,185,Below,0,0,23.12088889,Healthy
Jim Umbarger,Left,78,Above,200,Above,0,0,23.10979619,Healthy
Bobby Grich,Right,74,Above,180,Below,0.266,224,23.10810811,Healthy
Willie Davis,Left,74,Above,180,Below,0.279,182,23.10810811,Healthy
Ken Henderson,Both,74,Above,180,Below,0.257,122,23.10810811,Healthy
Omar Moreno,Left,74,Above,180,Below,0.252,37,23.10810811,Healthy
Rod Gilbreath,Right,74,Above,180,Below,0.248,14,23.10810811,Healthy
Hal Lanier,Right,74,Above,180,Below,0.228,8,23.10810811,Healthy
Tony Muser,Left,74,Above,180,Below,0.259,7,23.10810811,Healthy
Terry Harmon,Right,74,Above,180,Below,0.233,4,23.10810811,Healthy
Jerry Dybzinski,Right,74,Above,180,Below,0.234,3,23.10810811,Healthy
Woody Woodward,Right,74,Above,180,Below,0.236,1,23.10810811,Healthy
Ray Chadwick,Both,74,Above,180,Below,0,0,23.10810811,Healthy
Fernando Arroyo,Right,74,Above,180,Below,0,0,23.10810811,Healthy
Keith Creel,Right,74,Above,180,Below,0,0,23.10810811,Healthy
Mike Bacsik,Right,74,Above,180,Below,0,0,23.10810811,Healthy
Phil Huffman,Right,74,Above,180,Below,0,0,23.10810811,Healthy
Larry Rothschild,Left,74,Above,180,Below,0,0,23.10810811,Healthy
Tony Oliva,Left,73,Below,175,Below,0.304,220,23.08594483,Healthy
Chris Speier,Right,73,Below,175,Below,0.246,112,23.08594483,Healthy
Jay Johnstone,Left,73,Below,175,Below,0.267,102,23.08594483,Healthy
Lee Lacy,Right,73,Below,175,Below,0.286,91,23.08594483,Healthy
Julian Javier,Right,73,Below,175,Below,0.257,78,23.08594483,Healthy
Ellie Hendricks,Left,73,Below,175,Below,0.22,62,23.08594483,Healthy
Adolfo Phillips,Right,73,Below,175,Below,0.247,59,23.08594483,Healthy
Craig Reynolds,Left,73,Below,175,Below,0.256,42,23.08594483,Healthy
Glenn Hoffman,Right,73,Below,175,Below,0.242,23,23.08594483,Healthy
Bruce Benedict,Right,73,Below,175,Below,0.242,18,23.08594483,Healthy
Hosken Powell,Left,73,Below,175,Below,0.259,17,23.08594483,Healthy
Tom Veryzer,Right,73,Below,175,Below,0.241,14,23.08594483,Healthy
Brian Asselstine,Left,73,Below,175,Below,0.254,12,23.08594483,Healthy
Bob Meacham,Both,73,Below,175,Below,0.236,8,23.08594483,Healthy
Jerry Kutzler,Left,73,Below,175,Below,0,0,23.08594483,Healthy
Brian Allard,Right,73,Below,175,Below,0,0,23.08594483,Healthy
Mike Warren,Right,73,Below,175,Below,0,0,23.08594483,Healthy
Clint Zavaras,Right,73,Below,175,Below,0,0,23.08594483,Healthy
Byron McLaughlin,Right,73,Below,175,Below,0,0,23.08594483,Healthy
Jeff Sellers,Right,73,Below,175,Below,0,0,23.08594483,Healthy
Don Gordon,Right,73,Below,175,Below,0,0,23.08594483,Healthy
Jose Cruz,Left,72,Below,170,Below,0.284,165,23.05362654,Healthy
Willie Montanez,Left,72,Below,170,Below,0.275,139,23.05362654,Healthy
Rod Carew,Left,72,Below,170,Below,0.328,92,23.05362654,Healthy
Otto Velez,Right,72,Below,170,Below,0.251,78,23.05362654,Healthy
Danny Cater,Right,72,Below,170,Below,0.276,66,23.05362654,Healthy
Ed Brinkman,Right,72,Below,170,Below,0.224,60,23.05362654,Healthy
Billy Cowan,Right,72,Below,170,Below,0.236,40,23.05362654,Healthy
Rowland Office,Left,72,Below,170,Below,0.259,32,23.05362654,Healthy
Ken Boswell,Left,72,Below,170,Below,0.248,31,23.05362654,Healthy
Eddie Leon,Right,72,Below,170,Below,0.236,24,23.05362654,Healthy
Dave Edwards,Right,72,Below,170,Below,0.237,14,23.05362654,Healthy
Jim Anderson,Right,72,Below,170,Below,0.218,13,23.05362654,Healthy
Rufino Linares,Right,72,Below,170,Below,0.27,11,23.05362654,Healthy
Mike Phillips,Left,72,Below,170,Below,0.24,11,23.05362654,Healthy
Stan Papi,Right,72,Below,170,Below,0.218,7,23.05362654,Healthy
Ty Cline,Left,72,Below,170,Below,0.238,6,23.05362654,Healthy
Brad Wellman,Right,72,Below,170,Below,0.231,6,23.05362654,Healthy
Lenny Faedo,Right,72,Below,170,Below,0.251,5,23.05362654,Healthy
Joaquin Andujar,Both,72,Below,170,Below,0.127,5,23.05362654,Healthy
Mike Richardt,Right,72,Below,170,Below,0.226,4,23.05362654,Healthy
Marty Martinez,Both,72,Below,170,Below,0.243,0,23.05362654,Healthy
Joe Horlen,Right,72,Below,170,Below,0.134,0,23.05362654,Healthy
De Wayne Buice,Right,72,Below,170,Below,0,0,23.05362654,Healthy
Amos Otis,Right,71,Below,165,Below,0.277,193,23.01031541,Healthy
Frank White,Right,71,Below,165,Below,0.255,160,23.01031541,Healthy
Paul Schaal,Right,71,Below,165,Below,0.244,57,23.01031541,Healthy
Dave Rader,Left,71,Below,165,Below,0.257,30,23.01031541,Healthy
Felix Torres,Right,71,Below,165,Below,0.254,27,23.01031541,Healthy
Reid Nichols,Right,71,Below,165,Below,0.266,22,23.01031541,Healthy
Ray Oyler,Right,71,Below,165,Below,0.175,15,23.01031541,Healthy
Vic Harris,Both,71,Below,165,Below,0.217,13,23.01031541,Healthy
Jackie Hernandez,Right,71,Below,165,Below,0.208,12,23.01031541,Healthy
Doug Flynn,Right,71,Below,165,Below,0.238,7,23.01031541,Healthy
Jerry Terrell,Right,71,Below,165,Below,0.253,4,23.01031541,Healthy
Jose Tartabull,Left,71,Below,165,Below,0.261,2,23.01031541,Healthy
Jimmy Wynn,Right,70,Below,160,Below,0.25,291,22.95510204,Healthy
Roy White,Both,70,Below,160,Below,0.271,160,22.95510204,Healthy
Bert Campaneris,Right,70,Below,160,Below,0.259,79,22.95510204,Healthy
Gene Alley,Right,70,Below,160,Below,0.254,55,22.95510204,Healthy
Cookie Rojas,Right,70,Below,160,Below,0.263,54,22.95510204,Healthy
Larry Brown,Right,70,Below,160,Below,0.233,47,22.95510204,Healthy
Manny Mota,Right,70,Below,160,Below,0.304,31,22.95510204,Healthy
Chico Salmon,Right,70,Below,160,Below,0.249,31,22.95510204,Healthy
Chuck Schilling,Right,70,Below,160,Below,0.239,23,22.95510204,Healthy
Dave Nelson,Right,70,Below,160,Below,0.244,20,22.95510204,Healthy
Greg Gross,Left,70,Below,160,Below,0.287,7,22.95510204,Healthy
Bryan Little,Both,70,Below,160,Below,0.245,3,22.95510204,Healthy
Jack Perconte,Left,70,Below,160,Below,0.27,2,22.95510204,Healthy
Nate Oliver,Right,70,Below,160,Below,0.226,2,22.95510204,Healthy
Brock Davis,Left,70,Below,160,Below,0.26,1,22.95510204,Healthy
Bill Wilkinson,Right,70,Below,160,Below,0,0,22.95510204,Healthy
Narciso Elvira,Left,70,Below,160,Below,0,0,22.95510204,Healthy
Chico Ruiz,Both,72,Below,169,Below,0.24,2,22.91801698,Healthy
Cesar Tovar,Right,69,Below,155,Below,0.278,46,22.88699853,Healthy
Cesar Gutierrez,Right,69,Below,155,Below,0.235,0,22.88699853,Healthy
Ollie Brown,Right,74,Above,178,Below,0.265,102,22.85135135,Healthy
Tom Matchick,Left,73,Below,173,Below,0.215,4,22.82210546,Healthy
Pepe Frias,Right,70,Below,159,Below,0.24,1,22.81163265,Healthy
Paul Blair,Right,72,Below,168,Below,0.25,134,22.78240741,Healthy
Rich Barnes,Right,76,Above,186,Below,0,0,22.63815789,Healthy
Julio Gonzalez,Right,71,Below,162,Below,0.235,4,22.59194604,Healthy
Sam McDowell,Left,77,Above,190,Below,0.154,2,22.52825097,Healthy
Rick Jones,Left,77,Above,190,Below,0,0,22.52825097,Healthy
Pepe Mangual,Right,70,Below,157,Below,0.242,16,22.52469388,Healthy
John Butcher,Right,76,Above,185,Below,0,0,22.51644737,Healthy
Daryl Smith,Right,76,Above,185,Below,0,0,22.51644737,Healthy
Bill Almon,Right,75,Above,180,Below,0.254,36,22.496,Healthy
Ed Goodson,Left,75,Above,180,Below,0.26,30,22.496,Healthy
Tommy John,Right,75,Above,180,Below,0.157,5,22.496,Healthy
Zach Crouch,Left,75,Above,180,Below,0,0,22.496,Healthy
Mike Smith,Right,75,Above,180,Below,0,0,22.496,Healthy
Craig Mitchell,Right,75,Above,180,Below,0,0,22.496,Healthy
John Caneira,Right,75,Above,180,Below,0,0,22.496,Healthy
Jeff Bettendorf,Right,75,Above,180,Below,0,0,22.496,Healthy
Tony Perez,Right,74,Above,175,Below,0.279,379,22.46621622,Healthy
Cesar Cedeno,Right,74,Above,175,Below,0.285,199,22.46621622,Healthy
Mike Davis,Left,74,Above,175,Below,0.259,91,22.46621622,Healthy
Ken Hubbs,Right,74,Above,175,Below,0.247,14,22.46621622,Healthy
Luis Pujols,Right,74,Above,175,Below,0.193,6,22.46621622,Healthy
Ken Holtzman,Right,74,Above,175,Below,0.163,2,22.46621622,Healthy
Bob Randall,Right,74,Above,175,Below,0.257,1,22.46621622,Healthy
Ed Crosby,Left,74,Above,175,Below,0.22,0,22.46621622,Healthy
Steve Rogers,Right,74,Above,175,Below,0.138,0,22.46621622,Healthy
John Pawlowski,Right,74,Above,175,Below,0,0,22.46621622,Healthy
Jack Hardy,Right,74,Above,175,Below,0,0,22.46621622,Healthy
Luis Quintana,Left,74,Above,175,Below,0,0,22.46621622,Healthy
Curt Kaufman,Right,74,Above,175,Below,0,0,22.46621622,Healthy
Don Money,Right,73,Below,170,Below,0.261,176,22.42634641,Healthy
Davey Johnson,Right,73,Below,170,Below,0.261,136,22.42634641,Healthy
Charley Smith,Right,73,Below,170,Below,0.239,69,22.42634641,Healthy
Bobby Knoop,Right,73,Below,170,Below,0.236,56,22.42634641,Healthy
Andres Thomas,Right,73,Below,170,Below,0.234,42,22.42634641,Healthy
Mark Belanger,Right,73,Below,170,Below,0.228,20,22.42634641,Healthy
Don Kessinger,Both,73,Below,170,Below,0.252,14,22.42634641,Healthy
Vern Fuller,Right,73,Below,170,Below,0.232,14,22.42634641,Healthy
Jerry Kenney,Left,73,Below,170,Below,0.237,7,22.42634641,Healthy
Frank Quilici,Right,73,Below,170,Below,0.214,5,22.42634641,Healthy
Mike Ramsey,Both,73,Below,170,Below,0.24,2,22.42634641,Healthy
Tim Johnson,Left,73,Below,170,Below,0.223,0,22.42634641,Healthy
Mickey Lolich,Both,73,Below,170,Below,0.11,0,22.42634641,Healthy
Tom Brown,Right,73,Below,170,Below,0,0,22.42634641,Healthy
Cesar Geronimo,Left,72,Below,165,Below,0.258,51,22.3755787,Healthy
Jerry Royster,Right,72,Below,165,Below,0.249,40,22.3755787,Healthy
Luis Melendez,Right,72,Below,165,Below,0.248,9,22.3755787,Healthy
Rick Auerbach,Right,72,Below,165,Below,0.22,9,22.3755787,Healthy
Jimmy Stewart,Both,72,Below,165,Below,0.237,8,22.3755787,Healthy
Ted Martinez,Right,72,Below,165,Below,0.24,7,22.3755787,Healthy
Roger Metzger,Both,72,Below,165,Below,0.231,5,22.3755787,Healthy
Tommy Dean,Right,72,Below,165,Below,0.18,4,22.3755787,Healthy
Mark Wagner,Right,72,Below,165,Below,0.243,3,22.3755787,Healthy
Steve Blass,Right,72,Below,165,Below,0.172,1,22.3755787,Healthy
Bobby Murcer,Left,71,Below,160,Below,0.277,252,22.31303313,Healthy
Oscar Gamble,Left,71,Below,160,Below,0.265,200,22.31303313,Healthy
Rennie Stennett,Right,71,Below,160,Below,0.274,41,22.31303313,Healthy
Rey Quinones,Right,71,Below,160,Below,0.243,29,22.31303313,Healthy
Marty Perez,Right,71,Below,160,Below,0.246,22,22.31303313,Healthy
Dave Rosello,Right,71,Below,160,Below,0.236,10,22.31303313,Healthy
Ed Romero,Right,71,Below,160,Below,0.247,8,22.31303313,Healthy
Dick Tracewski,Right,71,Below,160,Below,0.213,8,22.31303313,Healthy
Bud Harrelson,Both,71,Below,160,Below,0.236,7,22.31303313,Healthy
Buddy Biancalana,Both,71,Below,160,Below,0.205,6,22.31303313,Healthy
John Donaldson,Left,71,Below,160,Below,0.238,4,22.31303313,Healthy
Don Mason,Left,71,Below,160,Below,0.205,3,22.31303313,Healthy
Tony Scott,Both,72,Below,164,Below,0.249,17,22.23996914,Healthy
Jerry Morales,Right,70,Below,155,Below,0.259,95,22.2377551,Healthy
Larry Bowa,Both,70,Below,155,Below,0.26,15,22.2377551,Healthy
Mario Guerrero,Right,70,Below,155,Below,0.257,7,22.2377551,Healthy
Andre Robertson,Right,70,Below,155,Below,0.251,5,22.2377551,Healthy
Ramon Pena,Right,70,Below,155,Below,0,0,22.2377551,Healthy
Art Shamsky,Left,73,Below,168,Below,0.253,68,22.16250704,Healthy
Jay Pettibone,Right,76,Above,182,Below,0,0,22.15131579,Healthy
Glenn Hubbard,Right,69,Below,150,Below,0.244,70,22.14870825,Healthy
Sonny Jackson,Left,69,Below,150,Below,0.251,7,22.14870825,Healthy
Gil Garrido,Right,69,Below,150,Below,0.237,1,22.14870825,Healthy
Larry Lintz,Both,69,Below,150,Below,0.227,0,22.14870825,Healthy
Luis Gomez,Right,69,Below,150,Below,0.21,0,22.14870825,Healthy
Domingo Ramos,Right,70,Below,154,Below,0.24,8,22.09428571,Healthy
Mike Edwards,Right,70,Below,154,Below,0.25,2,22.09428571,Healthy
Paul Casanova,Right,76,Above,180,Below,0.225,50,21.90789474,Healthy
Dal Maxvill,Right,71,Below,157,Below,0.217,6,21.89466376,Healthy
Garry Maddox,Right,75,Above,175,Below,0.285,117,21.87111111,Healthy
Johnny Grubb,Left,75,Above,175,Below,0.278,99,21.87111111,Healthy
Thad Bosley,Left,75,Above,175,Below,0.272,20,21.87111111,Healthy
Joe Simpson,Left,75,Above,175,Below,0.242,9,21.87111111,Healthy
Danny Fife,Right,75,Above,175,Below,0,0,21.87111111,Healthy
Juan Nieves,Left,75,Above,175,Below,0,0,21.87111111,Healthy
Eric Hetzel,Right,75,Above,175,Below,0,0,21.87111111,Healthy
Larry Milbourne,Both,72,Below,161,Below,0.254,11,21.83314043,Healthy
Wilbur Howard,Both,74,Above,170,Below,0.25,6,21.82432432,Healthy
Luis Sanchez,Right,74,Above,170,Below,0,0,21.82432432,Healthy
Damaso Garcia,Right,73,Below,165,Below,0.283,36,21.76674798,Healthy
Rudy Law,Left,73,Below,165,Below,0.271,18,21.76674798,Healthy
Rafael Santana,Right,73,Below,165,Below,0.246,13,21.76674798,Healthy
Brian Giles,Right,73,Below,165,Below,0.228,10,21.76674798,Healthy
Mike Fischlin,Right,73,Below,165,Below,0.22,3,21.76674798,Healthy
Jim Wright,Right,73,Below,165,Below,0,0,21.76674798,Healthy
Derrel Thomas,Both,72,Below,160,Below,0.249,43,21.69753086,Healthy
Bob Dernier,Right,72,Below,160,Below,0.255,23,21.69753086,Healthy
Doug Griffin,Right,72,Below,160,Below,0.245,7,21.69753086,Healthy
Al Weis,Both,72,Below,160,Below,0.219,7,21.69753086,Healthy
Miguel Dilone,Both,72,Below,160,Below,0.265,6,21.69753086,Healthy
Rodney Scott,Both,72,Below,160,Below,0.236,3,21.69753086,Healthy
Rafael Vasquez,Right,72,Below,160,Below,0,0,21.69753086,Healthy
Ron Washington,Right,71,Below,155,Below,0.261,20,21.61575084,Healthy
Albert Hall,Both,71,Below,155,Below,0.251,5,21.61575084,Healthy
Francisco Barrios,Right,71,Below,155,Below,0,0,21.61575084,Healthy
Jose Cardenal,Right,70,Below,150,Below,0.275,138,21.52040816,Healthy
Curt Ford,Left,70,Below,150,Below,0.245,7,21.52040816,Healthy
Jake Wood,Right,73,Below,163,Below,0.25,35,21.50290861,Healthy
Dick Simpson,Right,76,Above,176,Below,0.207,15,21.42105263,Healthy
Jim Dorsey,Right,79,Above,190,Below,0,0,21.40201891,Healthy
Danny Ainge,Right,76,Above,175,Below,0.22,2,21.29934211,Healthy
David Green,Right,75,Above,170,Below,0.268,31,21.24622222,Healthy
Jose Arcia,Right,75,Above,170,Below,0.215,1,21.24622222,Healthy
Charlie Mitchell,Right,75,Above,170,Below,0,0,21.24622222,Healthy
Cecil Cooper,Left,74,Above,165,Below,0.298,241,21.18243243,Healthy
Johnnie LeMaster,Right,74,Above,165,Below,0.222,22,21.18243243,Healthy
Tony Ferreira,Left,73,Below,160,Below,0,0,21.10714956,Healthy
Frank Taveras,Right,72,Below,155,Below,0.255,2,21.01948302,Healthy
Oswaldo Peraza,Right,76,Above,172,Below,0,0,20.93421053,Healthy
Leo Cardenas,Right,71,Below,150,Below,0.257,118,20.91846856,Healthy
Juan Beniquez,Right,71,Below,150,Below,0.274,79,20.91846856,Healthy
Dave Rajsich,Left,77,Above,175,Below,0,0,20.74970484,Healthy
Enos Cabell,Right,76,Above,170,Below,0.277,60,20.69078947,Healthy
Sandy Alomar,Both,69,Below,140,Below,0.245,13,20.6721277,Healthy
Ben Oglivie,Left,74,Above,160,Below,0.273,235,20.54054054,Healthy
Bill Voss,Left,74,Above,160,Below,0.227,19,20.54054054,Healthy
Alan Wiggins,Both,74,Above,160,Below,0.259,5,20.54054054,Healthy
Win Remmerswaal,Right,74,Above,160,Below,0,0,20.54054054,Healthy
Ramon Manon,Right,72,Below,150,Below,0,0,20.34143519,Healthy
Ike Brookens,Right,77,Above,170,Below,0,0,20.15685613,Healthy
Dave Concepcion,Right,74,Above,155,Below,0.267,101,19.89864865,Healthy
Manny Trillo,Right,73,Below,150,Below,0.263,61,19.78795271,Healthy
